url,slug,status,response_time_ms,title,meta_description,h1,canonical,has_schema,og_locale,word_count,errors
https://dreamlab.id/news-blog/,/news-blog,200,92,"Dreamlab Maklon Kosmetik &amp; Berita Kecantikan","Maklon kosmetik untuk skincare, bodycare, haircare &amp; parfum dengan sertifikasi BPOM dan halal, hasil premium berstandar pabrik.","News &amp; Blog","https://dreamlab.id/news-blog/",true,en_US,2836,"OG locale is "en_US" not "id_ID""
https://dreamlab.id/strategi-tiktok-shop-campaign-gratis/,/strategi-tiktok-shop-campaign-gratis,200,52,"Strategi TikTok Shop Gratis – Campaign, FYP, Live &amp; Voucher","Pelajari strategi jualan di TikTok Shop tanpa biaya: manfaatkan campaign gratis, optimalkan konten FYP, gunakan hashtag relevan","Strategi TikTok Shop: Penjualan Online Melalui Campaign Gratis","https://dreamlab.id/strategi-tiktok-shop-campaign-gratis/",true,en_US,3494,"OG locale is "en_US" not "id_ID""
https://dreamlab.id/optimasi-penjualan-tiktok-shop/,/optimasi-penjualan-tiktok-shop,200,919,"Optimasi Penjualan TikTok Shop – Fitur Promosi","Pelajari cara mengoptimalkan penjualan di TikTok Shop dengan fitur promosi. Gunakan analisis kompetitor, tools optimasi","Cara Mengoptimalkan Penjualan di TikTok Shop dengan Fitur Promosi","https://dreamlab.id/optimasi-penjualan-tiktok-shop/",true,en_US,3542,"OG locale is "en_US" not "id_ID""
https://dreamlab.id/tips-membuat-konten-viral/,/tips-membuat-konten-viral,200,855,"Tips &amp; Strategi Terbaru untuk 2025","Pelajari strategi membuat konten brand yang mudah viral: hook kuat, tren, konten visual, influencer, dan Influencer","Cara Virality untuk Konten Brand","https://dreamlab.id/tips-membuat-konten-viral/",true,en_US,3277,"OG locale is "en_US" not "id_ID""
https://dreamlab.id/tips-sukses-bisnis-parfum/,/tips-sukses-bisnis-parfum,301,187,,,,,false,,1,"Missing title; Missing meta description; Missing canonical; No JSON-LD schema"
https://dreamlab.id/maklon-body-wash-berkualitas-dan-bersertifikat-bpom/,/maklon-body-wash-berkualitas-dan-bersertifikat-bpom,200,999,"Maklon Body Wash Berkualitas &amp; BPOM","Dreamlab siap bantu maklon body wash dan body serum dengan bahan aman, halal, dan bersertifikat BPOM. Formulasi custom, MOQ fleksibel","Maklon body wash berkualitas dan bersertifikat BPOM","https://dreamlab.id/maklon-body-wash-berkualitas-dan-bersertifikat-bpom/",true,en_US,3343,"OG locale is "en_US" not "id_ID""
https://dreamlab.id/solusi-bisnis-body-serum-aha-2025-tren-pasar-maklon-dreamlab/,/solusi-bisnis-body-serum-aha-2025-tren-pasar-maklon-dreamlab,200,924,"Solusi Bisnis Body Serum AHA 2025 – Maklon Dreamlab","Cara mudah maklon produk body serum impianmu di Dreamlab dengan sertifikasi BPOM &amp; Halal.Body serum AHA jadi tren body care 2025","Solusi Bisnis Body Serum AHA di 2025","https://dreamlab.id/solusi-bisnis-body-serum-aha-2025-tren-pasar-maklon-dreamlab/",true,en_US,2834,"OG locale is "en_US" not "id_ID""
https://dreamlab.id/maklon-parfum-dreamlab/,/maklon-parfum-dreamlab,200,928,"Pabrik Maklon Parfum Expert di Jawa Timur Dreamlab -","Mulai bisnis parfum lebih mudah dengan Dreamlab, pabrik maklon parfum di Jawa Timur yang berstandar BPOM &amp; Halal.","Pabrik Maklon Parfum Expert di Jawa Timur Dreamlab","https://dreamlab.id/maklon-parfum-dreamlab/",true,en_US,2622,"OG locale is "en_US" not "id_ID""
https://dreamlab.id/peluang-feminim-care-dalam-bisnis-pasar-yang-menjanjikan/,/peluang-feminim-care-dalam-bisnis-pasar-yang-menjanjikan,200,835,"Peluang Bisnis Feminim Care: Panduan &amp; Strategi Sukses","Tertarik memulai bisnis feminim care? Pelajari peluang pasar, strategi marketing, produk potensial, dan solusi maklon cepat bersama Dreamlab.","Peluang Feminim Care dalam Bisnis: Pasar yang Menjanjikan","https://dreamlab.id/peluang-feminim-care-dalam-bisnis-pasar-yang-menjanjikan/",true,en_US,3270,"OG locale is "en_US" not "id_ID""
https://dreamlab.id/contoh-kalimat-iklan-kosmetik-unik/,/contoh-kalimat-iklan-kosmetik-unik,200,39,"Kalimat Iklan Kosmetik Unik &amp; Menarik – Contoh Copywriting","Bingung bikin iklan kosmetik? Temukan contoh kalimat iklan kosmetik yang unik dan menarik perhatian.","Contoh Kalimat Iklan Kosmetik yang Unik dan Menarik Perhatian","https://dreamlab.id/contoh-kalimat-iklan-kosmetik-unik/",true,en_US,2991,"OG locale is "en_US" not "id_ID""
https://dreamlab.id/kosmetik-olahraga/,/kosmetik-olahraga,200,911,"Inovasi Kosmetik Olahraga: 3 Produk Unggulan untuk Market","Inovasi kosmetik olahraga hadir menjawab tren pasar. Temukan 3 produk unggulan sport-friendly yang mendukung gaya hidup aktif","Inovasi Kosmetik Olahraga: 3 Produk Unggulan untuk Menjawab Tren Pasar","https://dreamlab.id/kosmetik-olahraga/",true,en_US,3194,"OG locale is "en_US" not "id_ID""
https://dreamlab.id/maklon-body-lotion-dupe-highend/,/maklon-body-lotion-dupe-highend,200,896,"Maklon Dupe Body Lotion: Wujudkan Brand High-End","Ingin tahu cara membuat brand dupe body lotion viral? Pelajari 5 inspirasi produk high-end dari Eropa &amp; Korea.","Tren Body Lotion Viral: Peluang Bisnis Dupe dengan Kualitas Premium","https://dreamlab.id/maklon-body-lotion-dupe-highend/",true,en_US,2930,"OG locale is "en_US" not "id_ID""
https://dreamlab.id/maklon-scalp-haircare-bisnis-produk-rambut-sehat/,/maklon-scalp-haircare-bisnis-produk-rambut-sehat,301,193,,,,,false,,1,"Missing title; Missing meta description; Missing canonical; No JSON-LD schema"
https://dreamlab.id/waterless-beauty-2025/,/waterless-beauty-2025,200,952,"Waterless Beauty &amp; Solid Skincare: Inovasi Ramah Lingkungan","Industri kecantikan global sedang menghadapi dua tantangan besar: krisis air dan perubahan iklim.","Waterless Beauty &amp; Solid Skincare: Inovasi Ramah Lingkungan 2025","https://dreamlab.id/waterless-beauty-2025/",true,en_US,5237,"OG locale is "en_US" not "id_ID""
https://dreamlab.id/komunitas-beauty-genz/,/komunitas-beauty-genz,200,819,"Brand Kosmetik Strategi Bangun Loyalitas Gen Z","Pelajari strategi membangun komunitas pelanggan setia di kalangan Gen Z melalui pengalaman, value, dan kolaborasi produk.","Komunitas Beauty: Strategi Loyalitas Gen Z","https://dreamlab.id/komunitas-beauty-genz/",true,en_US,2873,"OG locale is "en_US" not "id_ID""
https://dreamlab.id/tren-parfum-arab-bisnis-maklon-dreamlab/,/tren-parfum-arab-bisnis-maklon-dreamlab,301,170,,,,,false,,1,"Missing title; Missing meta description; Missing canonical; No JSON-LD schema"
https://dreamlab.id/cara-membuka-offline-store-kosmetik-2026/,/cara-membuka-offline-store-kosmetik-2026,200,844,"Cara Sukses Membuka Offline Store Kosmetik 2026","Pelajari langkah, modal, dan tips sukses membangun brand sendiri lewat maklon kosmetik Dreamlab Indonesia.","Cara Sukses Membangun Offline Store Kosmetik 2026","https://dreamlab.id/cara-membuka-offline-store-kosmetik-2026/",true,en_US,3839,"OG locale is "en_US" not "id_ID""
https://dreamlab.id/rahasia-kulit-glowing-devina-karamoy/,/rahasia-kulit-glowing-devina-karamoy,200,1891,"Rahasial Kulit Glowing Ala Devina Caramoy","Ikuti skincare rutin ala devina karamoy. 3 produk body care premium dari Dreamlab Indonesia yang bisa kamu maklon sendiri!","Rahasia Kulit Glowing Ala Devina Karamoy","https://dreamlab.id/rahasia-kulit-glowing-devina-karamoy/",true,en_US,3429,"OG locale is "en_US" not "id_ID""
https://dreamlab.id/melembutkan-kulit-bersisik/,/melembutkan-kulit-bersisik,200,846,"5 Cara Melembutkan Kulit Wajah Bersisik | Dreamlab Maklon","Temukan 5 cara melembutkan kulit wajah bersisik dan kering. Ciptakan brand skincare premium kamu sekarang!","5 Cara Melembutkan Kulit Wajah yang Bersisik","https://dreamlab.id/melembutkan-kulit-bersisik/",true,en_US,3010,"OG locale is "en_US" not "id_ID""
https://dreamlab.id/memunculkan-keranjang-reels/,/memunculkan-keranjang-reels,200,53,"Cara Memunculkan Keranjang di Reels Instagram Terbaru","Pelajari cara mudah memunculkan keranjang di video Reels Instagram 2025. Panduan praktis dengan tips jualan efektif untuk brand dan UMKM.","Cara Memunculkan Keranjang di Video Reels Instagram","https://dreamlab.id/memunculkan-keranjang-reels/",true,en_US,4774,"OG locale is "en_US" not "id_ID""
https://dreamlab.id/rekomendasi-sunscreen-lokal/,/rekomendasi-sunscreen-lokal,200,36,"4 Rekomendasi Sunscreen Lokal | Maklon Sunscreen Dreamlab","5 rekomendasi sunscreen lokal &amp; cara pakainya. Siap punya brand sendiri?. Maklon sunscreen dan maklon kosmetik di Dreamlab.","4 Rekomendasi Sunscreen Lokal","https://dreamlab.id/rekomendasi-sunscreen-lokal/",true,en_US,2968,"OG locale is "en_US" not "id_ID""
https://dreamlab.id/hair-treatment-ampoule-maklon-haircare-dreamlab/,/hair-treatment-ampoule-maklon-haircare-dreamlab,200,896,"Hair Treatment Ampoule &amp; Peluang Bisnis | Maklon Haircare","Kenali apa itu hair treatment ampoule, urutan perawatan rambut, dan peluang bisnis maklon haircare. Custom formula, BPOM, &amp; desain premium.","Hair Treatment Ampoule Rahasia Rambut Kuat, Halus, dan Berkilau","https://dreamlab.id/hair-treatment-ampoule-maklon-haircare-dreamlab/",true,en_US,5125,"OG locale is "en_US" not "id_ID""
https://dreamlab.id/rekomendasi-skincare-musim-hujan-agar-kulit-tetap-sehat-dan-lembap/,/rekomendasi-skincare-musim-hujan-agar-kulit-tetap-sehat-dan-lembap,200,869,"Produk Skincare Bebas Musim | Tren All Season Beauty","Kenali tren produk skincare bebas musim yang selalu laku sepanjang tahun. Cocok untuk semua cuaca dan bisa kamu kembangkan maklon Dreamlab.","Rekomendasi Skincare Musim Hujan agar Kulit Tetap Sehat dan Lembap","https://dreamlab.id/rekomendasi-skincare-musim-hujan-agar-kulit-tetap-sehat-dan-lembap/",true,en_US,3138,"OG locale is "en_US" not "id_ID""
https://dreamlab.id/maklon-skincare-untuk-brand-baru/,/maklon-skincare-untuk-brand-baru,301,189,,,,,false,,1,"Missing title; Missing meta description; Missing canonical; No JSON-LD schema"
https://dreamlab.id/parfum-balm-vs-parfum-oil/,/parfum-balm-vs-parfum-oil,200,995,"Apa Perbedaan Parfum Balm dan Parfum Oil","Kenali perbedaan parfum balm dan parfum oil, dua varian parfum natural yang bisa kamu maklon bersama Dreamlab. Yuk Konsultasi Sekarang!","Parfum Balm vs Parfum Oil: Pilihan Parfum Kekinian Tanpa Alkohol","https://dreamlab.id/parfum-balm-vs-parfum-oil/",true,en_US,3253,"OG locale is "en_US" not "id_ID""
https://dreamlab.id/perbedaan-micellar-water-dan-toner/,/perbedaan-micellar-water-dan-toner,200,853,"Temukan Perbedaan Micellar Water dan Toner","Ketahui perbedaan micellar water dan toner. Dreamlab Ma siap bantu kamu buat produk juara sesuai tren pasar.","Perbedaan micellar water dan toner","https://dreamlab.id/perbedaan-micellar-water-dan-toner/",true,en_US,3029,"OG locale is "en_US" not "id_ID""
https://dreamlab.id/sunscreen-spf-yang-cocok-untuk-kegiatan/,/sunscreen-spf-yang-cocok-untuk-kegiatan,200,885,"Rekomendasi Sunscreen SPF yang Cocok Sehari-hari","Temukan sunscreen SPF yang cocok untuk kegiatan sehari-hari. Produksi mulai dari 300 pcs dengan BPOM &amp; Halal-ready.","Sunscreen SPF yang Cocok untuk Kegiatan Sehari-hari","https://dreamlab.id/sunscreen-spf-yang-cocok-untuk-kegiatan/",true,en_US,2952,"OG locale is "en_US" not "id_ID""
https://dreamlab.id/prediksi-tren-2026/,/prediksi-tren-2026,301,184,,,,,false,,1,"Missing title; Missing meta description; Missing canonical; No JSON-LD schema"
https://dreamlab.id/bangun-brand-skincare-lebih-strategis-dreamlab/,/bangun-brand-skincare-lebih-strategis-dreamlab,200,926,"Bangun Brand Skincare dengan formula juara","Ingin membangun brand skincare yang berkualitas dan tahan lama di pasaran? Dreamlab hadir dengan solusi maklon skincare lengkap","Bangun Brand Skincare Lebih Strategis Bersama Dreamlab","https://dreamlab.id/bangun-brand-skincare-lebih-strategis-dreamlab/",true,en_US,4560,"OG locale is "en_US" not "id_ID""
https://dreamlab.id/strategi-brand-viral-tiktok/,/strategi-brand-viral-tiktok,200,1105,"3 Strategi Bangun Brand Viral di TikTok Shop","Langkah-langkah membangun brand skincare viral di 2025 menggunakan strategi TikTok, storytelling, dan kolaborasi dengan Dreamlab.","Strategi Bangun Brand Skincare Viral di TikTok Shop","https://dreamlab.id/strategi-brand-viral-tiktok/",true,en_US,3073,"OG locale is "en_US" not "id_ID""
https://dreamlab.id/tren-brand-kosmetik-lokal-2025/,/tren-brand-kosmetik-lokal-2025,200,923,"2025, Tahun Emas Brand Kosmetik Lokal","Pelajari tren dan perubahan besar dalam industri kosmetik Indonesia tahun 2025, dari kemasan ramah lingkungan, personalisasi produk.","2025 Jadi Tahunnya Brand Kosmetik Lokal: Tren yang Harus Kamu Ikuti","https://dreamlab.id/tren-brand-kosmetik-lokal-2025/",true,en_US,3129,"OG locale is "en_US" not "id_ID""
https://dreamlab.id/affiliate-kol-brand-skincare/,/affiliate-kol-brand-skincare,200,838,"Affiliate dan KOL untuk Brand skincare  - Dreamlab","Optimalkan brand skincare kamu dengan affiliate marketing &amp; kol beauty. Pelajari cara kerjanya dan tips suksesnya di sini!","Affiliate dan KOL untuk Brand skincare","https://dreamlab.id/affiliate-kol-brand-skincare/",true,en_US,3246,"OG locale is "en_US" not "id_ID""
https://dreamlab.id/parfum-inspired-peluang-bisnis/,/parfum-inspired-peluang-bisnis,200,810,"5 Tren Parfum Inspired dan Peluang Bisnisny","Ingin memulai bisnis parfum inspired? Pelajari 5 jenis parfum yang sedang tren. Dreamlab siap menjadi mitra maklon dengan &quot;Juara Formula&quot;","5 Jenis Parfum Inspired yang Sedang Tren dan Peluang Bisnisnya","https://dreamlab.id/parfum-inspired-peluang-bisnis/",true,en_US,3128,"OG locale is "en_US" not "id_ID""
https://dreamlab.id/produk-viral-tiktok/,/produk-viral-tiktok,200,824,"Produk Viral TikTok Jadi Nyata di Lab","Temukan proses lengkap bagaimana ide viral di media sosial diubah menjadi produk nyata melalui layanan maklon Dreamlab.","Dari TikTok ke Laboratorium Bagaimana Produk Viral Jadi Nyata","https://dreamlab.id/produk-viral-tiktok/",true,en_US,3247,"OG locale is "en_US" not "id_ID""
https://dreamlab.id/cara-menghilangkan-ketombe/,/cara-menghilangkan-ketombe,200,856,"Cara Menghilangkan Ketombe Cepat &amp; Tuntas","Cara menghilangkan ketombe cepat: kenali jenis, langkah perawatan, dan produk efektif. Coba maklon haircare anti-ketombe di Dreamlab.","Rambut Bebas Ketombe, Gatal, dan Flaky dalam Waktu Singkat.","https://dreamlab.id/cara-menghilangkan-ketombe/",true,en_US,2857,"OG locale is "en_US" not "id_ID""
https://dreamlab.id/maklon-kosmetik-ibu-hamil/,/maklon-kosmetik-ibu-hamil,200,863,"Pabrik Maklon Kosmetik Ibu Hamil Halal","Produksi skincare ibu hamil dengan formula teruji, legalitas lengkap, dan MOQ fleksibel. Beseertifikat CPKB, BPOM, dan Halal","Jasa Maklon Ibu Hamil Pabrik Bersertifikasi CPKB","https://dreamlab.id/maklon-kosmetik-ibu-hamil/",true,en_US,3510,"OG locale is "en_US" not "id_ID""
https://dreamlab.id/rebranding-produk-kosmetik/,/rebranding-produk-kosmetik,200,784,"Strategi Rebranding Kosmetik Lama 2025","Strategi menghidupkan kembali brand lama agar relevan dengan tren dan konsumen modern melalui inovasi formula Dreamlab.","Rebranding Kosmetik Lama Jadi Relevan Lagi di 2025","https://dreamlab.id/rebranding-produk-kosmetik/",true,en_US,3301,"OG locale is "en_US" not "id_ID""
https://dreamlab.id/hair-vitamin-lokal-indonesia-viral-di-korea/,/hair-vitamin-lokal-indonesia-viral-di-korea,200,855,"Hair Vitamin Lokal Indonesia Viral di Korea","Produk hair vitamin lokal Indonesia viral di Korea! Temukan alasan, tren, dan peluang bisnis maklon kosmetik terbaik bersama Dreamlab.","Peluang Hair Vitamin Lokal Yang Menjajikan","https://dreamlab.id/hair-vitamin-lokal-indonesia-viral-di-korea/",true,en_US,2800,"OG locale is "en_US" not "id_ID""
https://dreamlab.id/ai-data-cara-brand-kosmetik-baru-menemukan-formula-viral/,/ai-data-cara-brand-kosmetik-baru-menemukan-formula-viral,200,842,"Cara Brand Kosmetik Temukan Formula Viral dengan AI","Pelajari bagaimana teknologi AI membantu brand menciptakan produk skincare yang cepat viral dan relevan dengan pasar 2025","AI &amp; Data: Rahasia di Balik Formula Viral Brand Kosmetik Baru","https://dreamlab.id/ai-data-cara-brand-kosmetik-baru-menemukan-formula-viral/",true,en_US,3167,"OG locale is "en_US" not "id_ID""
https://dreamlab.id/hero-ingredients-2025/,/hero-ingredients-2025,200,829,"Hero Ingredients 2025: Peptide+, Niacinamide &amp; Postbioti","Bahas bahan aktif skincare terbaru yang jadi primadona di 2025 dan bagaimana Dreamlab mengembangkan formulanya.","Hero Ingredients 2025: Peptide+, Niacinamide 2.0 &amp; Postbiotic","https://dreamlab.id/hero-ingredients-2025/",true,en_US,3123,"OG locale is "en_US" not "id_ID""
https://dreamlab.id/glycerin-bahan-skincare-yang-naik-daun-dan-cocok-untuk-semua-jenis-kulit/,/glycerin-bahan-skincare-yang-naik-daun-dan-cocok-untuk-semua-jenis-kulit,200,861,"Glycerin, Bahan Skincare Favorit Semua Jenis Kulit","Temukan manfaat Glycerin, bahan skincare favorit yang melembapkan dan cocok untuk semua jenis kulit. Aman, ringan, dan efektif","Glycerin: Bahan Favorit Skincare untuk Semua Jenis Kulit","https://dreamlab.id/glycerin-bahan-skincare-yang-naik-daun-dan-cocok-untuk-semua-jenis-kulit/",true,en_US,2463,"OG locale is "en_US" not "id_ID""
https://dreamlab.id/industri-kosmetik-indonesia-terus-tumbuh/,/industri-kosmetik-indonesia-terus-tumbuh,200,30,"Industri Kosmetik Indonesia Naik Daun","Temukan fakta terbaru pertumbuhan industri kosmetik di Indonesia 2025, tren produk populer, dan peluang besar bersama Dreamlab","Industri Kosmetik di Indonesia Terus Tumbuh","https://dreamlab.id/industri-kosmetik-indonesia-terus-tumbuh/",true,en_US,2524,"OG locale is "en_US" not "id_ID""
https://dreamlab.id/berapa-moq-maklon-skincare-di-dreamlab-ini-fakta-penting-untuk-pebisnis-pemula/,/berapa-moq-maklon-skincare-di-dreamlab-ini-fakta-penting-untuk-pebisnis-pemula,200,958,"Berapa MOQ Maklon Skincare pemula","Ingin tahu berapa MOQ maklon skincare di Dreamlab? Pelajari jumlah minimal pemesanan dan tips penting bagi pebisnis skincare pemula","MOQ Maklon Skincare untuk Pemula","https://dreamlab.id/berapa-moq-maklon-skincare-di-dreamlab-ini-fakta-penting-untuk-pebisnis-pemula/",true,en_US,2650,"OG locale is "en_US" not "id_ID""
https://dreamlab.id/cara-branding-bisnis-kosmetik/,/cara-branding-bisnis-kosmetik,200,1313,"Strategi Branding Bisnis Kosmetik agar Cepat Melejit","Ingin brand kosmetikmu dikenal luas? Simak tips dan strategi agar branding bisnis kosmetikmu cepat melejit.","Cara Membangun Branding Bisnis Kosmetik yang Kuat","https://dreamlab.id/cara-branding-bisnis-kosmetik/",true,en_US,2726,"OG locale is "en_US" not "id_ID""
https://dreamlab.id/state-of-beauty-2025-tren-kecantikan-pertumbuhan-industri-kosmetik-perubahan-pasar/,/state-of-beauty-2025-tren-kecantikan-pertumbuhan-industri-kosmetik-perubahan-pasar,200,1481,"State of Beauty 2025: Tren Industri Kosmetik","Laporan industri kecantikan 2025: tren skincare, kebangkitan makeup, wellness beauty, hingga pertumbuhan pasar kosmetik global &amp; Indonesia.","State of Beauty 2025: Tren &amp; Pertumbuhan Industri Kosmetik","https://dreamlab.id/state-of-beauty-2025-tren-kecantikan-pertumbuhan-industri-kosmetik-perubahan-pasar/",true,en_US,4741,"OG locale is "en_US" not "id_ID""
https://dreamlab.id/rahasia-perawatan-rambut-keriting-tetap-sehat-lembut-dan-terdefinisi/,/rahasia-perawatan-rambut-keriting-tetap-sehat-lembut-dan-terdefinisi,200,778,"Rahasia Perawatan Rambut Keriting agar Tetap Sehat","Temukan cara mudah merawat rambut keriting agar tetap sehat, lembut, dan terdefinisi tanpa ribet di rumah.","Rahasia Perawatan Rambut Keriting agar Sehat &amp; Terdefinisi","https://dreamlab.id/rahasia-perawatan-rambut-keriting-tetap-sehat-lembut-dan-terdefinisi/",true,en_US,4658,"OG locale is "en_US" not "id_ID""
https://dreamlab.id/trend-body-care-2025-produk-viral-tiktok-shopee-dreamlab-maklon-kosmetik/,/trend-body-care-2025-produk-viral-tiktok-shopee-dreamlab-maklon-kosmetik,200,811,"Trend Body Care 2025: Peluang Produksi di Dreamlab","Temukan produk body care viral 2025 yang booming di TikTok dan Shopee! Produksi brandmu bareng Dreamlab Maklon Kosmetik.","Trend Body Care 2025: Produk Viral yang Bisa Kamu Produksi","https://dreamlab.id/trend-body-care-2025-produk-viral-tiktok-shopee-dreamlab-maklon-kosmetik/",true,en_US,2525,"OG locale is "en_US" not "id_ID""
https://dreamlab.id/omset-moisturizer-naik-tajam-dreamlab-bisnis-skincare/,/omset-moisturizer-naik-tajam-dreamlab-bisnis-skincare,200,1016,"Dreamlab Bantu Brand Bikin Moisturizer Laris","Produk moisturizer Dreamlab cetak omset tinggi! Peluang emas bagi kamu yang ingin memulai bisnis skincare sendiri—modal kecil, potensi cuan besar.","Cerita Sukses Boss Skincare Laris &amp; Inspirasi Bisnismu","https://dreamlab.id/omset-moisturizer-naik-tajam-dreamlab-bisnis-skincare/",true,en_US,4531,"OG locale is "en_US" not "id_ID""
https://dreamlab.id/maklon-footcare-dreamlab/,/maklon-footcare-dreamlab,200,853,"Maklon Produk Footcare Cepat Bersama Dreamlab","Ingin maklon produk footcare dengan cepat dan terpercaya? Dreamlab menyediakan produksi selama 3 buan. Wujudkan brandmu sekarang.","Bikin Produk Footcare Sendiri? Bisa Jadi Nyata dalam 3 Bulan","https://dreamlab.id/maklon-footcare-dreamlab/",true,en_US,3234,"OG locale is "en_US" not "id_ID""
https://dreamlab.id/tren-sunscreen-2025-6-produk-yang-siap-jadi-bisnis/,/tren-sunscreen-2025-6-produk-yang-siap-jadi-bisnis,200,861,"6 Tren Sunscreen Terbaru yang Berpotensi Jadi Bisnis Laris","Yuk intip 6 tren sunscreen terbaru yang lagi viral di 2025. Semua bisa jadi ide bisnis baru yang menjanjikan, cocok buat brand kosmetik lokal","6 Tren Produk Sunscreen yang Bisa Jadi Ide Bisnis","https://dreamlab.id/tren-sunscreen-2025-6-produk-yang-siap-jadi-bisnis/",true,en_US,4529,"OG locale is "en_US" not "id_ID""
https://dreamlab.id/bahan-aktif-skincare-jerawat/,/bahan-aktif-skincare-jerawat,200,819,"Bahan Aktif Skincare yang Ampuh untuk Jerawat","Temukan bahan aktif skincare yang ampuh untuk jerawat agar kulit bersih, sehat, dan bebas dari masalah jerawat membandel.","5 Ingredient Aktif Terbaik untuk Wajah Berjerawat dari Dreamlab","https://dreamlab.id/bahan-aktif-skincare-jerawat/",true,en_US,2988,"OG locale is "en_US" not "id_ID""
https://dreamlab.id/dupe-parfum-nagita-slavina-tahan-lama/,/dupe-parfum-nagita-slavina-tahan-lama,200,848,"Rahasia Wangi Nagita Slavina: Ciptakan Dupe Parfum","Parfum Nagita Slavina dan artis lain kini bisa Anda jadikan brand sendiri! Pelajari rahasia top notes &amp; base notes high-end.","Rahasia Wangi Nagita Slavina: Ciptakan Dupe Parfum High-End","https://dreamlab.id/dupe-parfum-nagita-slavina-tahan-lama/",true,en_US,2840,"OG locale is "en_US" not "id_ID""
https://dreamlab.id/maklon-kosmetik-serum-exosome-pdrn-dreamlab/,/maklon-kosmetik-serum-exosome-pdrn-dreamlab,200,873,"Maklon Serum EXOSOME Inovasi Premium Skincare 2026","Maklon kosmetik serum premium untuk brand skincare yang ingin tampil eksklusif dan berteknologi tinggi.","Maklon Serum EXOSOME + PDRN di Dreamlab: Inovasi Skincare 2026","https://dreamlab.id/maklon-kosmetik-serum-exosome-pdrn-dreamlab/",true,en_US,3637,"OG locale is "en_US" not "id_ID""
https://dreamlab.id/maklon-brand-kosmetik-sendiri-100pcs-pemula/,/maklon-brand-kosmetik-sendiri-100pcs-pemula,200,912,"Maklon Kosmetik Pemula Brand Sendiri Mulai dari 100 Pcs","maklon kosmetik pemula dengan MOQ 100 Pcs. Mulai dengan modal kecil, proses cepat, dan jaminan kualitas Formula Juara.","Wujudkan Brand Kosmetik Sendiri Tanpa Ribet, Mulai 100 Pcs","https://dreamlab.id/maklon-brand-kosmetik-sendiri-100pcs-pemula/",true,en_US,4857,"OG locale is "en_US" not "id_ID""
https://dreamlab.id/slug-maklon-kosmetik-indonesia-vs-china/,/slug-maklon-kosmetik-indonesia-vs-china,200,846,"Mengapa Maklon Kosmetik di Indonesia Lebih Untung","Bingung memilih antara maklon di China atau Indonesia? Temukan keunggulan produksi lokal Dreamlab, &quot;Juara Formula&quot;","Produksi Kosmetik Indonesia vs China: Mana Lebih Menguntungkan?","https://dreamlab.id/slug-maklon-kosmetik-indonesia-vs-china/",true,en_US,3249,"OG locale is "en_US" not "id_ID""
https://dreamlab.id/produk-whitening-branding-claim/,/produk-whitening-branding-claim,200,827,"Strategi Branding Produk Whitening 2025","Dapatkan pemahaman mendalam kenapa klaim whitening / brightening menjadi strategi branding paling efektif di Indonesia","Produk Whitening Masih Menguasai Tren Skincare di 2025","https://dreamlab.id/produk-whitening-branding-claim/",true,en_US,3388,"OG locale is "en_US" not "id_ID""
https://dreamlab.id/tips-membuat-hand-sanitizer-bisnis/,/tips-membuat-hand-sanitizer-bisnis,200,1322,"5 Cara Praktis Membuat Hand Sanitizer Aman","Temukan 5 tips membuat hand sanitizer efektif dan aman. Cocok untuk ide bisnis personal care yang laris di market","Cara Mudah &amp; Aman Membuat Hand Sanitizer Sendiri di Rumah","https://dreamlab.id/tips-membuat-hand-sanitizer-bisnis/",true,en_US,4466,"OG locale is "en_US" not "id_ID""
https://dreamlab.id/maklon-produk-man-care/,/maklon-produk-man-care,200,872,"Dreamlab Maklon Man Care ‒ Dreamlab: Trends, Produk Pria","Pahami tren man care di Indonesia, produk potensial, dan berapa MOQ yang sesuai. Dreamlab siap bantu kamu produksi man care.","Produk Man Care: Peluang, Tren Marketplace &amp; Panduan Dreamlab","https://dreamlab.id/maklon-produk-man-care/",true,en_US,3184,"OG locale is "en_US" not "id_ID""
https://dreamlab.id/maklon-bodycare-dreamlab-moq-fleksibel/,/maklon-bodycare-dreamlab-moq-fleksibel,200,868,"Dreamlab Maklon Body Care Halal &amp; Mudah","Maklon BodyCare Halal &amp; Mudah – Dreamlab: MOQ Fleksibel &amp; One‑Stop Service","Maklon Body Care dengan MOQ Fleksibel untuk Pemula","https://dreamlab.id/maklon-bodycare-dreamlab-moq-fleksibel/",true,en_US,3355,"OG locale is "en_US" not "id_ID""
https://dreamlab.id/maklon-skincare-jawa-timur-dreamlab/,/maklon-skincare-jawa-timur-dreamlab,200,822,"Maklon Skincare Terbaik di Jawa Timur","Ingin memulai bisnis skincare di Jawa Timur? Dreamlab siap bantu mulai dari formulasi hingga produk jadi. Wujudkan Produk Impianmu.","Jasa Maklon Kosmetik Jawa Timur Terpercaya","https://dreamlab.id/maklon-skincare-jawa-timur-dreamlab/",true,en_US,3132,"OG locale is "en_US" not "id_ID""
https://dreamlab.id/maklon-jakarta-terbaik/,/maklon-jakarta-terbaik,200,857,"Maklon Jakarta Terbaik – Pabrik Skincare Berstandar CPKB","Cari jasa maklon skincare di Jakarta? Dreamlab hadir sebagai pabrik berstandar CPKB yang siap membantu brand kamu","Pabrik Skincare Jakarta Berstandar CPKB","https://dreamlab.id/maklon-jakarta-terbaik/",true,en_US,3157,"OG locale is "en_US" not "id_ID""
https://dreamlab.id/astaxanthin-mengapa-bahan-aktif-ini-sedang-naik-daun-di-industri-kosmetik/,/astaxanthin-mengapa-bahan-aktif-ini-sedang-naik-daun-di-industri-kosmetik,200,837,"Astaxanthin, Bahan Aktif Andalan untuk Atasi Masalah Kulit","Astaxanthin menjadi jawaban untuk masalah kulit di usia matang. manfaatnya untuk atasi flek hitam &amp; penuaan dini","Astaxanthin Adalah Bahan Aktif Penghilang Flek","https://dreamlab.id/astaxanthin-mengapa-bahan-aktif-ini-sedang-naik-daun-di-industri-kosmetik/",true,en_US,2924,"OG locale is "en_US" not "id_ID""
https://dreamlab.id/maklon-body-whitening-formula-juara/,/maklon-body-whitening-formula-juara,200,827,"Maklon Body Whitening: Formula Rahasia &amp; Bahan Aktif Juara","Ingin tahu formula body whitening yang sukses? Pelajari rahasia Niacinamide &amp; Glutathione untuk produk cepat putih.","Maklon Body Whitening Dengan Formula Juara","https://dreamlab.id/maklon-body-whitening-formula-juara/",true,en_US,3199,"OG locale is "en_US" not "id_ID""
https://dreamlab.id/cara-personal-banding/,/cara-personal-banding,200,807,"Pentingnya Personal Branding dalam Industri Kosmetik","Pentingnya Personal Branding dalam Industri Kosmetik. Tips Untuk Brand Owner.","Tips Membangun Konten Personal Branding Untuk Brand Owner","https://dreamlab.id/cara-personal-banding/",true,en_US,3594,"OG locale is "en_US" not "id_ID""
https://dreamlab.id/tren-memulai-bisnis-skincare-2025/,/tren-memulai-bisnis-skincare-2025,200,828,"Tren Bisnis Skincare 2025: Modal &amp; Strategi - Dreamlab","Temukan tren bisnis skincare 2025, besarnya peluang pasar, modal yang dibutuhkan, dan strategi membangun brand skincare sukses.","Strategi Memulai Bisnis Skincare untuk Pemula","https://dreamlab.id/tren-memulai-bisnis-skincare-2025/",true,en_US,2859,"OG locale is "en_US" not "id_ID""
https://dreamlab.id/ide-bisnis-kosmetik-2026/,/ide-bisnis-kosmetik-2026,200,828,"5 Rekomendasi Ide Bisnis Kosmetik yang Menjanjikan","Temukan 5 ide bisnis kosmetik paling menjanjikan di 2026! Pelajari cara menentukan margin, membangun brand.","Temukan 5 Rekomendasi Ide Bisnis Produk Kosmetik yang Menjanjikan","https://dreamlab.id/ide-bisnis-kosmetik-2026/",true,en_US,3655,"OG locale is "en_US" not "id_ID""
https://dreamlab.id/maklon-kosmetik-pemula-modal-kecil/,/maklon-kosmetik-pemula-modal-kecil,200,857,"Maklon Kosmetik Tanpa Pusing untuk Pemula","Baru mau mulai bisnis kosmetik? Temukan panduan lengkap maklon kosmetik pemula di Dreamlab! Mulai dengan modal kecil dan MOQ rendah.","Bisnis Kosmetik Tanpa Ribet, Hasil Pasti Sukses","https://dreamlab.id/maklon-kosmetik-pemula-modal-kecil/",true,en_US,2890,"OG locale is "en_US" not "id_ID""
https://dreamlab.id/cara-membuat-masker-wajah-organik/,/cara-membuat-masker-wajah-organik,200,816,"Cara Membuat Masker Wajah Organik: Praktis &amp; Aman","Pelajari cara membuat masker wajah organik yang praktis, aman, dan cocok untuk semua jenis kulit. Resep alami untuk hasil maksimal","Cara Membuat Masker Wajah Organik: Praktis &amp; Aman untuk Bisnis","https://dreamlab.id/cara-membuat-masker-wajah-organik/",true,en_US,2460,"OG locale is "en_US" not "id_ID""
https://dreamlab.id/bisnis-kosmetik-dari-nol/,/bisnis-kosmetik-dari-nol,200,858,"Panduan Lengkap Bisnis Kosmetik","Ingin mulai bisnis kosmetik dari nol? Dreamlab bantu kamu wujudkan brand skincare sendiri dengan proses mudah dan hasil berkualitas","Bisnis Kosmetik dari Nol","https://dreamlab.id/bisnis-kosmetik-dari-nol/",true,en_US,4988,"OG locale is "en_US" not "id_ID""
https://dreamlab.id/mudahnya-menjadi-owner-parfum-sendiri-ciptakan-brand-wewangian-eksklusif-tanpa-ribet/,/mudahnya-menjadi-owner-parfum-sendiri-ciptakan-brand-wewangian-eksklusif-tanpa-ribet,200,790,"Ciptakan Brand Parfum Eksklusif Sendiri dengan Cara Praktis","Ingin punya brand parfum sendiri? Dreamlab bantu kamu ciptakan parfum eksklusif dengan proses maklon cepat, mudah, dan hasil premium.","Mudahnya Jadi Owner Parfum Sendiri Tanpa Ribet &amp; Biaya Besar","https://dreamlab.id/mudahnya-menjadi-owner-parfum-sendiri-ciptakan-brand-wewangian-eksklusif-tanpa-ribet/",true,en_US,4466,"OG locale is "en_US" not "id_ID""
https://dreamlab.id/bisnis-parfum-merk-sendiri/,/bisnis-parfum-merk-sendiri,200,818,"Strategy Bisnis Parfum Sendiri | Modal Untuk Pemula","Mulai bisnis parfum merk sendiri dengan maklon parfum Dreamlab mulai 19 juta. Free BPOM &amp; kualitas terjamin, cocok untuk brand pemula.","2 Cara Bisnis Parfum Merk Sendiri Strategi dan Cara Suksesnya","https://dreamlab.id/bisnis-parfum-merk-sendiri/",true,en_US,2886,"OG locale is "en_US" not "id_ID""
https://dreamlab.id/parfum-arab-ide-bisnis-2026/,/parfum-arab-ide-bisnis-2026,200,794,"Parfum Arab Jadi Ide Bisnis Menguntungkan","Mulai bisnis parfum arab hanya 20 juta! Gratis BPOM &amp; formula eksklusif dari tim perfumery Dreamlab. Ciptakan aroma arab mewah untuk brandmu","Parfum Arab Ide Bisnis Menguntungkan yang Bisa Kamu Mulai Sekarang","https://dreamlab.id/parfum-arab-ide-bisnis-2026/",true,en_US,2677,"OG locale is "en_US" not "id_ID""
https://dreamlab.id/set-skincare-bpom/,/set-skincare-bpom,200,743,"Mulai Bisnis Skincare BPOM MOQ 100","Mulai bisnis skincare dengan modal minim &amp; MOQ fleksibel 100 pcs! Dapatkan 5 set skincare lengkap, formula RnD Dreamlab, dan gratis BPOM.","Mulai Bisnis Set Skincare MOQ Fleksibel","https://dreamlab.id/set-skincare-bpom/",true,en_US,2560,"OG locale is "en_US" not "id_ID""
https://dreamlab.id/bisnis-perawatan-pria/,/bisnis-perawatan-pria,200,807,"Peluang Bisnis Men Grooming: Maklon Produk Perawatan Pria","Bisnis men grooming makin dilirik! Intip cara mudah bikin brand perawatan pria sendiri lewat maklon kosmetik bersama Dreamlab.","Peluang Pasar Produk Penumbuh Jenggot","https://dreamlab.id/bisnis-perawatan-pria/",true,en_US,2834,"OG locale is "en_US" not "id_ID""
https://dreamlab.id/pabrik-skincare-maklon/,/pabrik-skincare-maklon,200,833,"Bisnis Skincare Gratis Konsultasi &amp; After-Sales Support","Dreamlab bantu kamu dari konsep hingga produk siap jual. Cek layanan maklon skincare lengkap &amp; konsultasi gratisnya!","Pabrik Skincare Solusi Bisnis Kosmetik yang Praktis","https://dreamlab.id/pabrik-skincare-maklon/",true,en_US,2676,"OG locale is "en_US" not "id_ID""
https://dreamlab.id/ide-bisnis-gen-z/,/ide-bisnis-gen-z,200,802,"5 Ide Bisnis Kreatif untuk Gen Z yang Potensial","Gen Z bisa jadi brandpreneur! Intip 5 ide bisnis kreatif dengan peluang besar &amp; tips praktis memulainya, cocok buat pemula.","5 Ide Bisnis Kreatif untuk pasar Gen Z yang Siap Jadi Cuan","https://dreamlab.id/ide-bisnis-gen-z/",true,en_US,2760,"OG locale is "en_US" not "id_ID""
https://dreamlab.id/maklon-facial-wash-gentle/,/maklon-facial-wash-gentle,200,1146,"4 Ingredient Wajib di Gentle Facial Wash untuk Kulit Sensitif","Maklon facial wash gentle dengan formula aman untuk kulit sensitif. Dreamlab bantu dari R&amp;D, desain, legalitas.","4 Ingredient Wajib di Gentle Facial Wash","https://dreamlab.id/maklon-facial-wash-gentle/",true,en_US,4910,"OG locale is "en_US" not "id_ID""
https://dreamlab.id/jenis-alkohol-dalam-parfum/,/jenis-alkohol-dalam-parfum,200,47,"5 Jenis Alkohol yang Digunakan pada Parfum","Kenali 5 jenis alkohol yang digunakan pada parfum dan fungsinya. Pelajari mana yang aman, halal, dan cocok untuk brand parfummu.","Jenis Alkohol Parfum Yang Wajib Kamu Ketahui","https://dreamlab.id/jenis-alkohol-dalam-parfum/",true,en_US,2890,"OG locale is "en_US" not "id_ID""
https://dreamlab.id/pabrik-parfum-surabaya/,/pabrik-parfum-surabaya,200,881,"Pabrik Parfum Surabaya terbaik Solusi Brand Parfummu","Pabrik Parfum Surabaya dengan MOQ fleksibel jadi solusi terbaik untuk pemula. Mulai brand parfummu dengan formulasi profesional dan legalitas","Pabrik Parfum Surabaya Solusi Bisnis Untuk Pemula","https://dreamlab.id/pabrik-parfum-surabaya/",true,en_US,2702,"OG locale is "en_US" not "id_ID""
https://dreamlab.id/pabrik-parfum-makasar/,/pabrik-parfum-makasar,301,212,,,,,false,,1,"Missing title; Missing meta description; Missing canonical; No JSON-LD schema"
https://dreamlab.id/manfaat-panthenol-untuk-wajah-kering/,/manfaat-panthenol-untuk-wajah-kering,200,1149,"5 Manfaat Panthenol Untuk Kulit","Panthenol adalah bahan skincare yang efektif untuk kulit kering &amp; sensitif. Pelajari manfaatnya, cara pakai","5 Manfaat Panthenol Untuk Wajah Kering","https://dreamlab.id/manfaat-panthenol-untuk-wajah-kering/",true,en_US,2557,"OG locale is "en_US" not "id_ID""
https://dreamlab.id/alat-pengencang-wajah/,/alat-pengencang-wajah,200,819,"5 Alat Pengencang Wajah Yang Wajib Punya","Cari alat pengencang wajah yang efektif? Pelajari rekomendasi alat produk pengencang wajah yang wajib kamu checkout","5 Rekomendasi Alat Pengencang Wajah","https://dreamlab.id/alat-pengencang-wajah/",true,en_US,2916,"OG locale is "en_US" not "id_ID""
https://dreamlab.id/maklon-bodymist/,/maklon-bodymist,200,855,"Cara Memulai Brand Body Mist dari Nol - Dreamlab",,"Cara Memulai Brand Body Mist dari Nol","https://dreamlab.id/maklon-bodymist/",true,en_US,2865,"Missing meta description; OG locale is "en_US" not "id_ID""
https://dreamlab.id/cara-bisnis-skincare-dari-nol/,/cara-bisnis-skincare-dari-nol,301,155,,,,,false,,1,"Missing title; Missing meta description; Missing canonical; No JSON-LD schema"
https://dreamlab.id/cara-menentukan-harga-jual-produk-kosmetik/,/cara-menentukan-harga-jual-produk-kosmetik,200,1154,"Cara Menentukan Harga Jual Skincare | Lengkap + Simulasi","Cara menentukan harga jual produk kosmetik dengan tepat, lengkap dengan COGS, HPP, dan simulasi harga maklon skincare.","Cara Menentukan Harga Jual Produk Kosmetik","https://dreamlab.id/cara-menentukan-harga-jual-produk-kosmetik/",true,en_US,3090,"OG locale is "en_US" not "id_ID""
https://dreamlab.id/cysteamine-alternatif-hydroquinone/,/cysteamine-alternatif-hydroquinone,200,1379,"Cysteamine Pengganti Hydroquinone hiperpigmentasi","Cysteamine untuk flek hitam dan melasma: ketahui cara kerja, manfaat, efek samping, dan cara pakai yang aman.","Cysteamine Pencerah Kulit Alternatif Hydroquinone","https://dreamlab.id/cysteamine-alternatif-hydroquinone/",true,en_US,4691,"OG locale is "en_US" not "id_ID""
https://dreamlab.id/flywheel-marketing-brand-skincare/,/flywheel-marketing-brand-skincare,200,807,"Strategy Flywheel Marketing untuk Brand Skincare","Flywheel Marketing adalah kunci pertumbuhan brand skincare. Dreamlab bantu kamu membuat produk yang market fit","Strategy Flywheel Marketing untuk Brand Skincare","https://dreamlab.id/flywheel-marketing-brand-skincare/",true,en_US,2834,"OG locale is "en_US" not "id_ID""
https://dreamlab.id/produk-haircare-yang-sedang-tren/,/produk-haircare-yang-sedang-tren,200,842,"Produk Haircare yang Sedang Tren &amp; Paling Laku","Produk haircare yang sedang tren: shampoo anti-rontok, scalp serum, hair mist, hingga hybrid haircare. Cari tahu tren dan buat produknya","Maklon Haircare Potensi Besar Wujudkan Brand Perawatan Rambutmu","https://dreamlab.id/produk-haircare-yang-sedang-tren/",true,en_US,4958,"OG locale is "en_US" not "id_ID""
https://dreamlab.id/maklon-parfum-anak-custom-aroma/,/maklon-parfum-anak-custom-aroma,200,933,"Buat Brand Parfum Anak Custom Aroma BPOM","Ingin membuat parfum anak yang aman, lembut, dan BPOM? Dreamlab menyediakan layanan maklon parfum anak custom aroma","Maklon Parfum Anak Custom Aroma BPOM","https://dreamlab.id/maklon-parfum-anak-custom-aroma/",true,en_US,4936,"OG locale is "en_US" not "id_ID""
https://dreamlab.id/maklon-cream-anti-aging/,/maklon-cream-anti-aging,200,888,"Maklon Cream Anti-Aging | Bikin Produk Awet Muda","Ingin punya produk cream anti-aging dengan formula premium? Dreamlab menyediakan layanan maklon skincare anti-aging","Maklon Cream Anti-Aging  Solusi Bikin Produk Awet Muda","https://dreamlab.id/maklon-cream-anti-aging/",true,en_US,4713,"OG locale is "en_US" not "id_ID""
https://dreamlab.id/formulasi-witch-hazel/,/formulasi-witch-hazel,200,783,"Buat Produk Viral dengan Bahan Aktif Witch Hazel","Formulasi Witch Hazel untuk kulit berminyak adalah salah satu kombinasi terbaik untuk menciptakan produk skincare vira disukai konsumen.","Bikin Produk Viral Formulasi Witch Hazel untuk Kulit Berminyak","https://dreamlab.id/formulasi-witch-hazel/",true,en_US,2776,"OG locale is "en_US" not "id_ID""
https://dreamlab.id/perbedaan-privatelabel-vsodm/,/perbedaan-privatelabel-vsodm,200,848,"Mulai Bisnis Kosmetik Tanpa Pusing Private Label VS ODM","Ingin memulai bisnis kosmetik tanpa ribet? Temukan alasan mengapa sistem Private Label dan ODM menjadi solusi terbaik bagi pemula","Mulai Bisnis Kosmetik Tanpa Pusing: Mengapa Private Label dan ODM Jadi Solusi Go-To untuk Pemula.","https://dreamlab.id/perbedaan-privatelabel-vsodm/",true,en_US,2770,"OG locale is "en_US" not "id_ID""
https://dreamlab.id/cara-ampuh-memutihkan-ketiak/,/cara-ampuh-memutihkan-ketiak,200,1560,"Cara Memutihkan Ketiak dalam 1 Minggu","Ikuti langkah- langkah agar ketiak cerah dalam satu minggu. Produk rekomendasi untuk ketiak hitam. Buat Produkmu sekarang!","Cara Memutihkan Ketiak dalam 1 Minggu – Panduan Efektif &amp; Aman","https://dreamlab.id/cara-ampuh-memutihkan-ketiak/",true,en_US,3654,"OG locale is "en_US" not "id_ID""
https://dreamlab.id/maklon-moisturizer-bpom-dreamlab/,/maklon-moisturizer-bpom-dreamlab,200,811,"DreamlabJasa Maklon Terbaik Moisturizer BPOM MOQ Fleksibel","Ingin punya brand skincare sendiri? Pelajari apa itu maklon moisturizer, inovasi terbaru, hingga biaya MOQ fleksibel","Tempat Produksi Moisturizer BPOM Solusi Brand Impianmu","https://dreamlab.id/maklon-moisturizer-bpom-dreamlab/",true,en_US,2638,"OG locale is "en_US" not "id_ID""
https://dreamlab.id/bisnis-skincare-glow-glasskin-cystamine/,/bisnis-skincare-glow-glasskin-cystamine,200,63,"Bisnis Skincare Glow Glasskin Promo 600 PCS Free BPM","Bangun bisnis skincare Glow Glasskin setara efek hydroquinone dengan formula Cystamine yang aman &amp; BPOM. Promo Desember mulai 19,5 Juta","Inovasi Bisnis Skincare Glow Glasskin Setara Efek Hydroquinone","https://dreamlab.id/bisnis-skincare-glow-glasskin-cystamine/",true,en_US,2455,"OG locale is "en_US" not "id_ID""
https://dreamlab.id/maklon-hair-treatment-salon-premium/,/maklon-hair-treatment-salon-premium,200,30,"Maklon Hair Treatment Salon: Produksi Mudah &amp; MOQ Rendah","Ingin punya brand haircare eksklusif di salonmu? Dreamlab tawarkan jasa maklon hair treatment dengan formula juara, BPOM, &amp; MOQ rendah.","Maklon Hair Treatment Untuk Tingkatkan Layanan Salon","https://dreamlab.id/maklon-hair-treatment-salon-premium/",true,en_US,3030,"OG locale is "en_US" not "id_ID""
https://dreamlab.id/potensi-bisnis-babycare/,/potensi-bisnis-babycare,200,783,"Potensi Bisnis Babycare di 2026","Babycare kini bukan hanya soal kelembutan. Formulasi aman, tanpa paraben, dan transparansi bahan menjadi standar.","Babycare Masa Kini: Antara Sentuhan Lembut dan Ilmu Pengetahuan","https://dreamlab.id/potensi-bisnis-babycare/",true,en_US,2419,"OG locale is "en_US" not "id_ID""
https://dreamlab.id/atur-kosmetik-halal-dreamlab/,/atur-kosmetik-halal-dreamlab,200,795,"Dreamlab Maklon Kosmetik Halal 2026","Mulai 2026, produk kosmetik wajib bersertifikat halal. Dreamlab siap bantu brand Anda membuat produk halal dan taat aturan sejak awal.","Aturan Baru 2026 Semua Kosmetik di Indonesia Wajib Halal","https://dreamlab.id/atur-kosmetik-halal-dreamlab/",true,en_US,3228,"OG locale is "en_US" not "id_ID""
https://dreamlab.id/reampreneur-beauty-academy-maklon-kosmetik/,/reampreneur-beauty-academy-maklon-kosmetik,200,843,"Dreampreneur Beauty Academy: Solusi Maklon Kosmetik &amp; Bisnis","Ingin punya brand skincare sendiri? Dreamlab meluncurkan Dreampreneur Beauty Academy. Belajar formulasi, digital marketing","Dreamlab Resmi Luncurkan &#8220;Dreampreneur Beauty Academy&#8221; Solusi End-to-End Bagi Calon Beautypreneur","https://dreamlab.id/reampreneur-beauty-academy-maklon-kosmetik/",true,en_US,2674,"OG locale is "en_US" not "id_ID""
https://dreamlab.id/pabrik-parfum-surabaya-biaya-2026/,/pabrik-parfum-surabaya-biaya-2026,301,200,,,,,false,,1,"Missing title; Missing meta description; Missing canonical; No JSON-LD schema"
https://dreamlab.id/pabrik-maklon-kosmetik-sidoarjo-dreamlab/,/pabrik-maklon-kosmetik-sidoarjo-dreamlab,200,348,"Pabrik Maklon Kosmetik Sidoarjo Terlengkap &amp; Berlegalitas","Ingin buat brand skincare atau parfum? Dreamlab adalah pabrik maklon kosmetik Sidoarjo terlengkap. Layanan custom formula, BPOM","Pabrik Maklon Kosmetik Sidoarjo Bangun Brand Viral","https://dreamlab.id/pabrik-maklon-kosmetik-sidoarjo-dreamlab/",true,en_US,2521,"OG locale is "en_US" not "id_ID""
https://dreamlab.id/pabrik-parfum-malang-dreamlab/,/pabrik-parfum-malang-dreamlab,200,858,"Pabrik Parfum Malang Custom Aroma Berlegalitas BPOM","Cari pabrik parfum Malang? Dreamlab tawarkan layanan maklon parfum lengkap: 100++ aroma, custom wangi eksklusif, izin BPOM","Pabrik Parfum di Malang Jawa Timur: Wujudkan Brand Parfum Estetik dengan Kualitas Global","https://dreamlab.id/pabrik-parfum-malang-dreamlab/",true,en_US,2724,"OG locale is "en_US" not "id_ID""
https://dreamlab.id/jenis-packaging-box-parfum/,/jenis-packaging-box-parfum,200,854,"Packaging Box Parfum Paling Bagus &amp; Tren Mewah 2026","Mau brand parfummu terlihat premium? Intip jenis packaging box parfum paling bagus di 2026. Dari Hardbox mewah hingga finishing emas.","Jenis Packaging Box Parfum Paling Bagus 2026 Bikin Brandmu Terlihat Mewah!","https://dreamlab.id/jenis-packaging-box-parfum/",true,en_US,2711,"OG locale is "en_US" not "id_ID""
https://dreamlab.id/maklon-parfum-bpom-indonesia-strategi-bisnis/,/maklon-parfum-bpom-indonesia-strategi-bisnis,301,187,,,,,false,,1,"Missing title; Missing meta description; Missing canonical; No JSON-LD schema"
https://dreamlab.id/biaya-maklon-parfum-moq-kecil/,/biaya-maklon-parfum-moq-kecil,200,1169,"Buat Brand Parfum Sendiri Rincian Biaya &amp; Syaratnya - Dreamlab",,"Buat Brand Parfum Sendiri Rincian Biaya &amp; Syaratnya","https://dreamlab.id/biaya-maklon-parfum-moq-kecil/",true,en_US,2693,"Missing meta description; OG locale is "en_US" not "id_ID""
https://dreamlab.id/jasa-maklon-parfum-moq-rendah/,/jasa-maklon-parfum-moq-rendah,200,27,"Maklon Parfum MOQ Low Custom Aroma &amp; Free BPOM Legalitas","Cari jasa maklon parfum MOQ fleksibel? Dreamlab tawarkan custom aroma premium, free BPOM, &amp; legalitas lengkap. Yuk bangun brand parfummu.","Mau Punya Brand Parfum Viral? Maklon Parfum di Dreamlab Jawabannya!","https://dreamlab.id/jasa-maklon-parfum-moq-rendah/",true,en_US,2628,"OG locale is "en_US" not "id_ID""
https://dreamlab.id/maklon-kosmetik-parfum-tangerang/,/maklon-kosmetik-parfum-tangerang,301,196,,,,,false,,1,"Missing title; Missing meta description; Missing canonical; No JSON-LD schema"
https://dreamlab.id/maklon-kosmetik-tangerang-terpercaya/,/maklon-kosmetik-tangerang-terpercaya,200,859,"Maklon Kosmetik Tangerang: Solusi Produksi Kosmetik Terpercaya","Cari jasa maklon kosmetik Tangerang terpercaya? Dreamlab hadir dengan Low MOQ custom formula, BPOM, Halal &amp; CPKB Grade A. Cek di sini!","Maklon Kosmetik Tangerang: Solusi Produksi Kosmetik Terpercaya","https://dreamlab.id/maklon-kosmetik-tangerang-terpercaya/",true,en_US,2707,"OG locale is "en_US" not "id_ID""
https://dreamlab.id/jasa-maklon-kosmetik-bpom-panduan-lengkap/,/jasa-maklon-kosmetik-bpom-panduan-lengkap,200,875,"Jasa Maklon Kosmetik BPOM: Biaya, Syarat, &amp; Prosedur Terbaru","Panduan lengkap jasa maklon kosmetik BPOM. Cek biaya izin BPOM, syarat maklon, lama proses sertifikasi, hingga perbedaan PIRT &amp; BPOM","Jasa Maklon Kosmetik BPOM: Panduan Lengkap Biaya, Syarat, dan Prosedur","https://dreamlab.id/jasa-maklon-kosmetik-bpom-panduan-lengkap/",true,en_US,4610,"OG locale is "en_US" not "id_ID""
https://dreamlab.id/jasa-maklon-kosmetik-bandung/,/jasa-maklon-kosmetik-bandung,200,791,"Jasa Maklon Kosmetik Bandung | Sistem Fleksibel &amp; Low MOQ","Mencari jasa maklon kosmetik Bandung terbaik? Dreamlab hadir dengan sistem maklon fleksibel, low MOQ, dan custom formula eksklusif.","Jasa Maklon Kosmetik Bandung Low MOQ Untuk Pemula","https://dreamlab.id/jasa-maklon-kosmetik-bandung/",true,en_US,2742,"OG locale is "en_US" not "id_ID""
https://dreamlab.id/pabrik-maklon-kosmetik-surabaya-terlengkap/,/pabrik-maklon-kosmetik-surabaya-terlengkap,200,763,"Pabrik Maklon Kosmetik Surabaya Terlengkap &amp; Berlegalitas","Ingin bangun brand skincare? Dreamlab adalah pabrik maklon kosmetik Surabaya terlengkap. Layanan custom formula, izin BPOM,","Pabrik Maklon Skincare Surabaya Terlengkap &amp; Berlegalitas BPOM","https://dreamlab.id/pabrik-maklon-kosmetik-surabaya-terlengkap/",true,en_US,2633,"OG locale is "en_US" not "id_ID""
https://dreamlab.id/maklon-kosmetik-jakarta-dreamlab-2026/,/maklon-kosmetik-jakarta-dreamlab-2026,301,181,,,,,false,,1,"Missing title; Missing meta description; Missing canonical; No JSON-LD schema"
https://dreamlab.id/urutan-pabrik-skincare-terbaik-indonesia/,/urutan-pabrik-skincare-terbaik-indonesia,200,636,"Urutan Pabrik Skincare Terbaik di Indonesia 2026 | Maklon No. 1","Cari pabrik maklon kosmetik terbaik? Inilah urutan 5 pabrik skincare di Indonesia. Temukan mengapa PT Karya Impian Laboratoris (DREAMLAB)","Urutan Pabrik Skincare Terbaik di Indonesia Update 2026","https://dreamlab.id/urutan-pabrik-skincare-terbaik-indonesia/",true,en_US,2921,"OG locale is "en_US" not "id_ID""
https://dreamlab.id/inspirasi-parfum-lokal-aroma-teh/,/inspirasi-parfum-lokal-aroma-teh,200,826,"inspirasi Parfum Lokal Aroma Teh: Rahasia Sukses Brand Parfum","Mau sukses seperti brand parfum lokal HMNS atau Saff &amp; Co? Temukan inspirasi parfum lokal aroma teh di sini. Maklon di Dreamla","5 Inspirasi Parfum Aroma Teh dengan Kesan &#8220;Quiet Luxury&#8221;","https://dreamlab.id/inspirasi-parfum-lokal-aroma-teh/",true,en_US,2769,"OG locale is "en_US" not "id_ID""
https://dreamlab.id/maklon-shampoo-psoriasis-formula-juara/,/maklon-shampoo-psoriasis-formula-juara,200,838,"Maklon Sampo Psoriasis Formula Juara BPOM &amp; Halal","Ingin punya brand sampo psoriasis sendiri? Dreamlab sediakan maklon sampo formula juara kualitas dunia (dupe brand global). Proses mudah","Buat Shampoo Psoriasis dengan Formula Juara untuk Brandmu","https://dreamlab.id/maklon-shampoo-psoriasis-formula-juara/",true,en_US,2898,"OG locale is "en_US" not "id_ID""
https://dreamlab.id/pabrik-skincare-aceh-bpom-terlengkap/,/pabrik-skincare-aceh-bpom-terlengkap,200,830,"Pabrik Skincare Aceh BPOM Terlengkap OEM &amp; ODM","Cari pabrik skincare Aceh BPOM terlengkap? Dreamlab hadir dengan jasa maklon OEM/ODM, formula juara (NAD+), jaminan Halal MU","Pabrik Skincare Aceh BPOM Solusi Untuk Brand Terbaikmu","https://dreamlab.id/pabrik-skincare-aceh-bpom-terlengkap/",true,en_US,4837,"OG locale is "en_US" not "id_ID""
https://dreamlab.id/maklon-skincare-nad-plus-anti-aging/,/maklon-skincare-nad-plus-anti-aging,200,825,"Tren Skincare NAD+ 2026 Untuk Brand Anda","Ingin punya brand skincare anti-aging viral? Manfaatkan teknologi NAD+ untuk regenerasi sel. Simak peluang bisnis maklon skincare NAD+","Maklon Skincare NAD+ 2026 Inovasi Anti-Aging untuk Brand Anda","https://dreamlab.id/maklon-skincare-nad-plus-anti-aging/",true,en_US,2779,"OG locale is "en_US" not "id_ID""
https://dreamlab.id/tren-aroma-parfum-2026-terbaru/,/tren-aroma-parfum-2026-terbaru,200,834,"Tren Aroma Parfum 2026: Gourmand 2.0 &amp; Wewangian Fungsional","Pelajari tren aroma parfum 2026 dari B Futurist. Dari Gourmand 2.0 hingga Neuro-Scent. Maklon mudah di Dreamlab dengan MOQ rendah","Tren Aroma Parfum 2026 Yang Akan Viral","https://dreamlab.id/tren-aroma-parfum-2026-terbaru/",true,en_US,2737,"OG locale is "en_US" not "id_ID""
https://dreamlab.id/8-tren-kecantikan-2026-smart-formula/,/8-tren-kecantikan-2026-smart-formula,200,48,"8 Tren Kecantikan 202 Inovasi Smart Formula","Pelajari 8 tren global kecantikan 2026 dari ADA Cosmetics. Wujudkan brand inovatif dengan Smart Formula, BPOM","Tren Skincare 2026 &#8220;Smart Formula&#8221; Akan Mendominasi Pasar Kosmetik Indonesia","https://dreamlab.id/8-tren-kecantikan-2026-smart-formula/",true,en_US,4708,"OG locale is "en_US" not "id_ID""
https://dreamlab.id/inovasi-maklon-haircare-2026/,/inovasi-maklon-haircare-2026,200,815,"Inovasi Maklon Haircare: Tren Produk 2026 &amp; MOQ Terjangkau","Pelajari inovasi produk haircare masa depan bersama Dreamlab. Dapatkan layanan jasa maklon haircare BPOM dengan MOQ kompetitif","3 Inovasi Produk Haircare yang Disukai Market Peluang Bisnis 2026","https://dreamlab.id/inovasi-maklon-haircare-2026/",true,en_US,2857,"OG locale is "en_US" not "id_ID""
https://dreamlab.id/maklon-parfum-makassar/,/maklon-parfum-makassar,200,936,"Tempat Produksi Parfum untuk Brandmu di Makassar","Dreamlab adalah tempat produksi parfum premium untuk brand Makassar. Buat parfum custom aroma, packaging elegan, BPOM","Tempat Produksi Parfum untuk Brandmu di Makassar","https://dreamlab.id/maklon-parfum-makassar/",true,en_US,4758,"OG locale is "en_US" not "id_ID""
https://dreamlab.id/maklon-skincare-surabaya-umkm/,/maklon-skincare-surabaya-umkm,301,186,,,,,false,,1,"Missing title; Missing meta description; Missing canonical; No JSON-LD schema"
https://dreamlab.id/maklon-skincare-jakarta-brand-klinik-2026/,/maklon-skincare-jakarta-brand-klinik-2026,200,1198,"Maklon Skincare Jakarta Terbaik untuk Brand &amp; Klinik Kecantikan","Dreamlab menghadirkan maklon skincare Jakarta untuk brand dan klinik kecantikan dengan formula premium, packaging elegan, dan legalitas BPOM","Maklon Skincare Jakarta untuk Brand &amp; Klinik Kecantikan","https://dreamlab.id/maklon-skincare-jakarta-brand-klinik-2026/",true,en_US,4886,"OG locale is "en_US" not "id_ID""
https://dreamlab.id/kuasai-pasar-skincare-2026-biotech/,/kuasai-pasar-skincare-2026-biotech,200,882,"Kuasai Pasar Skincare dengan Formulasi Biotech","Ingin kuasai pasar skincare 2026? Dreamlab hadirkan rahasia formulasi Biotech PDRN &amp; Madecassoside. Solusi maklon premium, aman BPOM &amp; Halal","Kuasai Pasar Skincare 2026 dengan Formulasi Biotech PDRN &amp; Madecassoside","https://dreamlab.id/kuasai-pasar-skincare-2026-biotech/",true,en_US,2548,"OG locale is "en_US" not "id_ID""
https://dreamlab.id/skincare-natural-bali-pasar-internasional/,/skincare-natural-bali-pasar-internasional,200,902,"Peluang Brand Skincare Natural Bali untuk Pasar Internasional","Brand skincare natural Bali punya peluang besar di pasar internasional. Pelajari strategi, tantangan, dan solusi maklon skincare natural Bali","Peluang Brand Skincare Natural Bali untuk Menembus Pasar Internasional","https://dreamlab.id/skincare-natural-bali-pasar-internasional/",true,en_US,4576,"OG locale is "en_US" not "id_ID""
https://dreamlab.id/perbedaan-edp-edt/,/perbedaan-edp-edt,200,811,"Perbedaan edp dan edt: panduan lengkap","Memahami perbedaan edp dan edt membantu dalam memilih parfum yang sesuai. EDP lebih tahan lama dan kaya, sementara EDT lebih segar","Perbedaan EDP dan EDT Penjelasan Lengkap","https://dreamlab.id/perbedaan-edp-edt/",true,en_US,2671,"OG locale is "en_US" not "id_ID""
https://dreamlab.id/maklon-face-mist/,/maklon-face-mist,200,922,"Mulailah bisnis sukses dengan maklon face mist serum - Dreamlab","Face Mist Serum adalah inovasi baru dalam maklon face mist serum dengan formula ringan dan efektif. Hasilnya memberikan glow pada kulit","Mulailah bisnis sukses dengan maklon face mist serum","https://dreamlab.id/maklon-face-mist/",true,en_US,3837,"OG locale is "en_US" not "id_ID""
https://dreamlab.id/maklon-hairmist/,/maklon-hairmist,200,1529,"Maklon hair mist: solusi efisien untuk brand haircare","Dreamlab menawarkan layanan lengkap untuk maklon hiar mist, haircare,jasa maklon haircare yang memudahkan brand mencapai Target","Solusi maklon hiar mist terpercaya","https://dreamlab.id/maklon-hairmist/",true,en_US,3659,"OG locale is "en_US" not "id_ID""
https://dreamlab.id/pabrik-parfum-jakarta/,/pabrik-parfum-jakarta,200,873,"Pabrik Parfum Jakarta Terpercaya Produksi Cepat","Pabrik parfum Jakarta dengan layanan maklon lengkap untuk brand parfum. Produksi cepat. Mulai brand parfummu sekarang!","Pabrik Parfum Jakarta Solusi Brand Parfummu","https://dreamlab.id/pabrik-parfum-jakarta/",true,en_US,2685,"OG locale is "en_US" not "id_ID""
https://dreamlab.id/basic-skincare-pria-wajib/,/basic-skincare-pria-wajib,200,1334,"3 Basic Skincare Pria yang Wajib Kamu Pakai","Pria juga butuh skincare! Yuk kenali 3 basic skincare penting, urutan penggunaannya, dan peluang besar dalam produk skincare pria.","3 Basic Skincare Pria yang Wajib Kamu Pakai","https://dreamlab.id/basic-skincare-pria-wajib/",true,en_US,4622,"OG locale is "en_US" not "id_ID""
https://dreamlab.id/perbedaan-moisturizer-gel-vs-cream/,/perbedaan-moisturizer-gel-vs-cream,200,886,"Perbedaan moisturizer Gel vs Cream | Mana yang Lebih Cocok?","Ketahui perbedaan moisturizer gel vs cream, kelebihan masing-masing, dan cara memilih yang tepat untuk jenis kulitmu.","Perbedaan Moisturizer Cream dan Moisturizer Gel?","https://dreamlab.id/perbedaan-moisturizer-gel-vs-cream/",true,en_US,4711,"OG locale is "en_US" not "id_ID""
https://dreamlab.id/cara-membuat-hb-dosting-sendiri/,/cara-membuat-hb-dosting-sendiri,200,785,"Membuat HB Dosting BPOM Sendiri untuk Bisnis Pemula","Simak cara membuat HB Dosting sendiri dengan modal terjangkau &amp; MOQ fleksibel di Dreamlab. Legal BPOM &amp; Halal. Konsultasi GRATIS sekarang!","Cara Muda Membuat HB Dosting Sendiri untuk Bisnis Skincare","https://dreamlab.id/cara-membuat-hb-dosting-sendiri/",true,en_US,2901,"OG locale is "en_US" not "id_ID""
https://dreamlab.id/cara-meracik-handbody-pemutih-alami/,/cara-meracik-handbody-pemutih-alami,200,258,"Cara Meracik Handbody Pemutih Kulit Bahan Alami &amp; Tips Bisnis","Pelajari cara meracik handbody pemutih kulit menggunakan bahan alami. Pelajari juga cara membangun brand skincare sendiri","Cara Meracik Handbody Pemutih Kulit Menggunakan Bahan Alami","https://dreamlab.id/cara-meracik-handbody-pemutih-alami/",true,en_US,2862,"OG locale is "en_US" not "id_ID""
https://dreamlab.id/cara-membuat-toner-dari-cuka-apel/,/cara-membuat-toner-dari-cuka-apel,200,1311,"Cara Membuat Toner dari Cuka Apel (Bahan, Cara, &amp; Manfaat)","Pelajari cara membuat toner dari cuka apel untuk eksfoliasi alami. Cek bahan, takaran aman, &amp; manfaatnya. Ubah ide DIY Anda menjadi brand","Cara Membuat Toner dari Cuka Apel untuk Eksfoliasi Wajah Alami","https://dreamlab.id/cara-membuat-toner-dari-cuka-apel/",true,en_US,3014,"OG locale is "en_US" not "id_ID""
https://dreamlab.id/manfaat-hair-tonic-ginseng-rambut/,/manfaat-hair-tonic-ginseng-rambut,200,912,"5 Manfaat Hair Tonic Ginseng untuk Rambut Rontok","Temukan 5 manfaat hair tonic ginseng untuk rambut rontok &amp; penumbuhan rambut. Pelajari cara pakai yang benar","5 Manfaat Hair Tonic Ginseng untuk Kesehatan Rambut","https://dreamlab.id/manfaat-hair-tonic-ginseng-rambut/",true,en_US,2928,"OG locale is "en_US" not "id_ID""
https://dreamlab.id/pengganti-hydroquinone-flek-hitam-aman/,/pengganti-hydroquinone-flek-hitam-aman,200,875,"Pengganti Hydroquinone untuk Flek Hitam &amp; Alternatif Aman BPOM","Pahami cara pakai hydroquinone untuk flek hitam yang aman sesuai aturan medis. Temukan juga alternatif bahan pencerah legal BPOM","Pengganti Bahan Pencerah Hydroquinone untuk Flek Hitam yang Aman","https://dreamlab.id/pengganti-hydroquinone-flek-hitam-aman/",true,en_US,2665,"OG locale is "en_US" not "id_ID""
https://dreamlab.id/jasa-maklon-sabun-mandi-batang/,/jasa-maklon-sabun-mandi-batang,301,162,,,,,false,,1,"Missing title; Missing meta description; Missing canonical; No JSON-LD schema"
https://dreamlab.id/cara-membuat-lulur-ampas-kopi/,/cara-membuat-lulur-ampas-kopi,200,1930,"Cara Membuat Lulur Ampas Kopi untuk Kulit Halus","Temukan manfaat lulur ampas kopi untuk mencerahkan kulit &amp; menyamarkan selulit. Pelajari cara buat DIY &amp; peluang bisnis maklon lulur","Cara Membuat Lulur Ampas Kopi dan Manfaatnya untuk Kulit","https://dreamlab.id/cara-membuat-lulur-ampas-kopi/",true,en_US,2736,"OG locale is "en_US" not "id_ID""
https://dreamlab.id/perusahaan-maklon-kosmetik/,/perusahaan-maklon-kosmetik,200,1327,"Perusahaan Maklon Kosmetik Terpercaya Indonesia","Cari perusahaan maklon kosmetik terpercaya? Dreamlab bantu Anda buat brand skincare &amp; body care lengkap dengan BPOM dan legalitas.","Perusahaan Maklon Kosmetik Terpercaya untuk Brand Anda","https://dreamlab.id/perusahaan-maklon-kosmetik/",true,en_US,3175,"OG locale is "en_US" not "id_ID""
https://dreamlab.id/bahan-aktif-untuk-mengatasi-jerawat/,/bahan-aktif-untuk-mengatasi-jerawat,301,496,,,,,false,,1,"Missing title; Missing meta description; Missing canonical; No JSON-LD schema"
https://dreamlab.id/pabrik-shampoo-merek-sendiri/,/pabrik-shampoo-merek-sendiri,200,1626,"Pabrik Shampoo Untuk Merek Sendiri | MOQ Rendah","Proses produksi massal di pabrik shampoo untuk merek sendiri Dreamlab Indonesia. Dengan Biaya Murah dan MOQ Fleksibel.","Pabrik Shampoo untuk Merek Sendiri Dengan Mudah","https://dreamlab.id/pabrik-shampoo-merek-sendiri/",true,en_US,2782,"OG locale is "en_US" not "id_ID""
https://dreamlab.id/cara-bangun-brand-deodoran-sendiri/,/cara-bangun-brand-deodoran-sendiri,200,1581,"Bangun Brand Deodoran Sendiri Bersama Dreamlab","Ingin punya brand deodoran sendiri? Ini panduan lengkap bahan aktif terbaik, tren pasar 2025 dan tips bikin produk laris!","Cara Bangun Brand Deodoran Sendiri dengan Bahan Aktif Tepat","https://dreamlab.id/cara-bangun-brand-deodoran-sendiri/",true,en_US,4528,"OG locale is "en_US" not "id_ID""
https://dreamlab.id/asa-maklon-antiperspirant-terpercaya/,/asa-maklon-antiperspirant-terpercaya,200,1389,"Jasa Maklon Antiperspirant BPOM &amp; MOQ FLeksibel","Dreamlab adalah maklon antiperspirant dengan layanan satu pintu. Buat brand sendiri dengan formula terbaru.","Buat Brand Antiperspirant Sendiri dengan Custom Furmula","https://dreamlab.id/asa-maklon-antiperspirant-terpercaya/",true,en_US,2719,"OG locale is "en_US" not "id_ID""
https://dreamlab.id/lulur-vs-hb-dosting/,/lulur-vs-hb-dosting,200,938,"Perbedaan Lulur vs HB Dosting Mana Lebih Efektif","Perbandingan Lulur vs HB Dosting untuk mencerahkan kulit. Dreamlab adalah maklon kosmetik yang siap bantu buat brand body care BPOM","Lulur vs HB Dosting Mana yang Lebih Cepat Mencerahkan Kulit?","https://dreamlab.id/lulur-vs-hb-dosting/",true,en_US,3016,"OG locale is "en_US" not "id_ID""
https://dreamlab.id/maklon-parfum-jakarta/,/maklon-parfum-jakarta,301,330,,,,,false,,1,"Missing title; Missing meta description; Missing canonical; No JSON-LD schema"
https://dreamlab.id/jasa-maklon-bar-soap-merek-sendiri/,/jasa-maklon-bar-soap-merek-sendiri,200,1937,"Buat Bar Soap Merek Sendiri BPOM &amp; MOQ Rendah","Pelajari faktor biaya buat bar soap merek sendiri di Dreamlab. Biaya dipengaruhi oleh formulasi, pengemasan, MOQ, dan legalitas BPOM.","Jasa Maklon Bar Soap BPOM MOQ Fleksibel","https://dreamlab.id/jasa-maklon-bar-soap-merek-sendiri/",true,en_US,2818,"OG locale is "en_US" not "id_ID""
https://dreamlab.id/jenis-vitamin-c-whitening-terbaik/,/jenis-vitamin-c-whitening-terbaik,200,882,"Jenis Vitamin C Paling Efektif untuk Whitening &amp; Cara Membuatnya","Cek jenis Vitamin C paling efektif untuk whitening dan produk skincare yang bisa Anda buat di Dreamlab. Jasa maklon BPOM","Mengenal Jenis-Jenis Vitamin C yang cocok untuk kulit anda","https://dreamlab.id/jenis-vitamin-c-whitening-terbaik/",true,en_US,3371,"OG locale is "en_US" not "id_ID""
https://dreamlab.id/penyebab-ingrown-hair/,/penyebab-ingrown-hair,200,950,"Ingrown Hair Penyebab &amp; Rekomendasi Produk","Kenali penyebab ingrown hair dan peluang bisnisnya. Dreamlab tawarkan maklon formula eksklusif (1 client 1 formula), izin BPOM","Ingrown Hair Penyebab dan Rekomendasi Produk untuk Mengatasinya","https://dreamlab.id/penyebab-ingrown-hair/",true,en_US,3127,"OG locale is "en_US" not "id_ID""
https://dreamlab.id/jasa-maklon-lipstik-bpom-terpercaya/,/jasa-maklon-lipstik-bpom-terpercaya,200,952,"Maklon Lipstik BPOM MOQ Terjangkau &amp; Formula Eksklusif","Cek biaya maklon lipstik terbaru 2026. Dreamlab adalah partner strategis dengan formula eksklusif (1 client 1 formula), izin BPOM,","Maklon Brand Lipstik BPOM dengan MOQ Rendah","https://dreamlab.id/jasa-maklon-lipstik-bpom-terpercaya/",true,en_US,3131,"OG locale is "en_US" not "id_ID""
https://dreamlab.id/rahasia-maklon-parfum-jakarta/,/rahasia-maklon-parfum-jakarta,301,273,,,,,false,,1,"Missing title; Missing meta description; Missing canonical; No JSON-LD schema"
https://dreamlab.id/jasa-maklon-parfum-bali-terbaik-terlengkap/,/jasa-maklon-parfum-bali-terbaik-terlengkap,200,1573,"Jasa Maklon Parfum BPOM Bali Terbaik Kualitas Ekspor","Cari jasa maklon parfum Bali terbaik? Dreamlab hadir dengan layanan terlengkap, aroma custom khas Bali, MOQ rendah, &amp; izin BPOM","Jasa Maklon Parfum Bali Terbaik Terlengkap Wujudkan Brand Parfum Eksklusif Anda","https://dreamlab.id/jasa-maklon-parfum-bali-terbaik-terlengkap/",true,en_US,4856,"OG locale is "en_US" not "id_ID""
https://dreamlab.id/maklon-kosmetik-kediri/,/maklon-kosmetik-kediri,200,1563,"Maklon Kosmetik Kediri: Cara Mudah Bikin Brand Sendiri","Mau punya brand skincare sendiri di Kediri? Dreamlab bantu proses maklon kosmetik dari nol. Free formulasi bahan aktif","Maklon Kosmetik Kediri  Bikin Produkmu Makin Mudah","https://dreamlab.id/maklon-kosmetik-kediri/",true,en_US,2791,"OG locale is "en_US" not "id_ID""
https://dreamlab.id/bahan-aktif-skincare-paling-dicari/,/bahan-aktif-skincare-paling-dicari,200,841,"10 Bahan Aktif Skincare Paling Dicari Konsumen Untuk Brand Anda","Panduan lengkap bahan aktif skincare paling dicari konsumen Indonesia retinol, niacinamide, vitamin C, AHA/BHA. Cocok untuk brand owner.","10 Bahan Aktif Skincare Paling Dicari Konsumen","https://dreamlab.id/bahan-aktif-skincare-paling-dicari/",true,en_US,3289,"OG locale is "en_US" not "id_ID""
https://dreamlab.id/peluang-bisnis-skincare-irt/,/peluang-bisnis-skincare-irt,200,1017,"Peluang Bisnis Skincare Ibu Rumah Tangga: Modal Kecil","Mau punya brand skincare atau baby care sendiri? Peluang bisnis skincare ibu rumah tangga Free BPOM, formulasi custom &amp; biaya fleksibel!","Peluang Bisnis Skincare Ibu Rumah Tangga dengan Modal Kecil","https://dreamlab.id/peluang-bisnis-skincare-irt/",true,en_US,2723,"OG locale is "en_US" not "id_ID""
https://dreamlab.id/panduan-maklon-deodorant-bpom/,/panduan-maklon-deodorant-bpom,200,881,"Panduan membuat Deodorant BPOM &amp; Proses Cepat","Ingin punya brand deodorant sendiri? Dreamlab menyediakan jasa maklon deodorant dengan formulasi terbaik, izin BPOM, dan MOQ fleksibel.","Cara membuat deodoran BPOM yang diksukai konsumen","https://dreamlab.id/panduan-maklon-deodorant-bpom/",true,en_US,3128,"OG locale is "en_US" not "id_ID""
https://dreamlab.id/cara-membuat-deodorant-balm-custom/,/cara-membuat-deodorant-balm-custom,200,34,"Peluang Bisnis &amp; Cara Membuat Deodorant Balm Custom","Temukan peluang bisnis deodorant balm dengan custom formula. Pelajari keunggulan tekstur, jaminan BPOM, dan dukungan after sales eksklusif","Peluang Bisnis Deodorant Balm Anti Ribet","https://dreamlab.id/cara-membuat-deodorant-balm-custom/",true,en_US,3161,"OG locale is "en_US" not "id_ID""
https://dreamlab.id/perbedaan-oem-vs-odm/,/perbedaan-oem-vs-odm,200,849,"OEM vs ODM: Mana yang Cocok untuk Brand pemula","Bingung pilih OEM atau ODM untuk brand kosmetikmu? Pelajari perbedaan, kelebihan, dan kekurangannya. mulai maklon di Dreamlab","OEM vs ODM Mana yang Lebih Cocok untuk Brand Skincare Pemula","https://dreamlab.id/perbedaan-oem-vs-odm/",true,en_US,2923,"OG locale is "en_US" not "id_ID""
https://dreamlab.id/cara-hitunghpp-produk-kosmeti/,/cara-hitunghpp-produk-kosmeti,200,838,"Cara Hitung HPP Produk Kosmetik Agar Profit Maksimal","Pelajari cara hitung HPP produk kosmetik yang benar agar profit maksimal. Lengkap dengan rumus, simulasi tabel, dan tips memilih Dreamlab","Cara Hitung HPP Produk Kosmetik Agar Profit Maksimal","https://dreamlab.id/cara-hitunghpp-produk-kosmeti/",true,en_US,2968,"OG locale is "en_US" not "id_ID""
https://dreamlab.id/panduan-persentase-manfaat-niacinamide-skincare/,/panduan-persentase-manfaat-niacinamide-skincare,200,921,"Panduan Persentase &amp; Manfaat Niacinamide di Skincare","Panduan lengkap persentase Niacinamide 2%, 5%, dan 10% — manfaat, efek, dan produk yang tepat untuk kulitmu.","Panduan Persentase &amp; Manfaat Niacinamide di Skincare","https://dreamlab.id/panduan-persentase-manfaat-niacinamide-skincare/",true,en_US,3589,"OG locale is "en_US" not "id_ID""
https://dreamlab.id/cara-buat-parfum-sendiri-dengan-maklon/,/cara-buat-parfum-sendiri-dengan-maklon,200,893,"Cara Buat Parfum Brand Sendiri Lewat Maklon Panduan Lengkap","Panduan lengkap cara buat parfum brand sendiri lewat jasa maklon: formulasi, sampling, BPOM, hingga produk siap jual. Konsultasi gratis","Cara Buat Parfum Sendiri dengan Maklon: Dari Konsep ke Produk Siap Jual","https://dreamlab.id/cara-buat-parfum-sendiri-dengan-maklon/",true,en_US,3480,"OG locale is "en_US" not "id_ID""
https://dreamlab.id/maklon-hair-care-kesalahan-pemula-brand/,/maklon-hair-care-kesalahan-pemula-brand,200,892,"Maklon Hair Care: 10 Kesalahan Pemula Saat Memulai Brand","Hindari 10 kesalahan fatal saat memulai brand hair care lewat maklon: formulasi, pH, BPOM, MOQ, hingga pilih mitra yang tepat.","10 Kesalahan Pemula Saat Memulai Brand Hair Care yang Wajib Kamu Hindari","https://dreamlab.id/maklon-hair-care-kesalahan-pemula-brand/",true,en_US,3920,"OG locale is "en_US" not "id_ID""
https://dreamlab.id/foot-care-produk-peluang-bisnis-maklon-dreamlab/,/foot-care-produk-peluang-bisnis-maklon-dreamlab,200,30,"Foot Care Produk: Peluang Bisnis Underrated yang Menggiurkan","Foot care produk masih underrated tapi pasarnya terus tumbuh. Pelajari jenis produk, cara maklon, dan alur produksi di Dreamlab","Foot Care Produk: Peluang Bisnis yang Masih Underrated","https://dreamlab.id/foot-care-produk-peluang-bisnis-maklon-dreamlab/",true,en_US,3193,"OG locale is "en_US" not "id_ID""
https://dreamlab.id/pabrik-maklon-kosmetik-cpkb-grade-a/,/pabrik-maklon-kosmetik-cpkb-grade-a,200,1295,"Pabrik Maklon Kosmetik CPKB Grade A &amp; Halal — Dreamlab","Cari pabrik maklon kosmetik bersertifikasi CPKB Grade A dan Halal? Dreamlab solusinya. Formulasi custom, pendampingan BPOM, MOQ bersahabat","Pentingnya Memilih Pabrik Maklon Kosmetik Bersertifikasi CPKB Grade A","https://dreamlab.id/pabrik-maklon-kosmetik-cpkb-grade-a/",true,en_US,3067,"OG locale is "en_US" not "id_ID""
https://dreamlab.id/memilih-pabrik-maklon-kosmetik-sertifikasi-cpkb/,/memilih-pabrik-maklon-kosmetik-sertifikasi-cpkb,200,33,"Memilih Pabrik Maklon Kosmetik Sertifikasi CPKB","Pabrik maklon kosmetik bersertifikasi CPKB Grade A bukan. Pelajari risiko, manfaat. Dreamlab jadi pilihan 500+ brand Indonesia.","Dreamlab Pabrik Maklon Kosmetik Sertifikasi CPKB GRADE A","https://dreamlab.id/memilih-pabrik-maklon-kosmetik-sertifikasi-cpkb/",true,en_US,3290,"OG locale is "en_US" not "id_ID""
https://dreamlab.id/,/,200,48,"DREAMLAB | Maklon Kosmetik &amp; Skincare Terbaik BPOM","Pabrik maklon kosmetik terbaik di Indonesia. Solusi lengkap dari formulasi, kemasan, BPOM &amp; halal, MOQ fleksibel. Beralokasi di Surabaya",,"https://dreamlab.id/",true,en_US,4749,"OG locale is "en_US" not "id_ID""
https://dreamlab.id/privacy-policy/,/privacy-policy,200,976,"Privacy Policy - Dreamlab",,"Privacy Policy","https://dreamlab.id/privacy-policy/",true,en_US,4535,"Missing meta description; OG locale is "en_US" not "id_ID""
https://dreamlab.id/contact-form-dreamlab/,/contact-form-dreamlab,200,41,"Contact Form Dreamlab - Dreamlab",,,"https://dreamlab.id/contact-form-dreamlab/",true,en_US,2035,"Missing meta description; OG locale is "en_US" not "id_ID""
https://dreamlab.id/body-care/,/body-care,200,4905,"Dreamlab Maklon Body Care BPOM","Ingin maklon body care? Dreamlab bantu dari formulasi, desain kemasan, hingga legalitas BPOM &amp; Halal. Wujudkan produkmu!",,"https://dreamlab.id/body-care/",true,en_US,3582,"OG locale is "en_US" not "id_ID""
https://dreamlab.id/pkrt/,/pkrt,200,78,"Dreamlab Jasa Maklon PKRT Terbaik","Jasa maklon PKRT BPOM untuk pembersih lantai, sabun cuci piring, deterjen, disinfectant, dan room spray. MOQ fleksibel Konsultasi gratis!",,"https://dreamlab.id/pkrt/",true,en_US,2449,"OG locale is "en_US" not "id_ID""
https://dreamlab.id/decorative/,/decorative,200,1714,"Maklon Kosmetik Dekoratif Terlengkap BPOM","Dreamlab menyediakan maklon kosmetik dekoratif BPOM untuk lip cream matte, cushion glowing, foundation full coverage, lip tint,",,"https://dreamlab.id/decorative/",true,en_US,3746,"OG locale is "en_US" not "id_ID""
https://dreamlab.id/skincare-face-care/,/skincare-face-care,200,6947,"Dreamlab Jasa Maklon Skincare &amp; Face Care Terpercaya","Maklon facial cream terpercaya. Formula berkualitas + desain, legalitas BPOM &amp; Halal. Wujudkan brand skincare-mu bersama Dreamlab.",,"https://dreamlab.id/skincare-face-care/",true,en_US,6599,"OG locale is "en_US" not "id_ID""
https://dreamlab.id/shop/,/shop,200,820,"Shop - Dreamlab",,"Shop","https://dreamlab.id/shop/",true,en_US,2038,"Missing meta description; OG locale is "en_US" not "id_ID""
https://dreamlab.id/cart/,/cart,200,922,"Cart - Dreamlab",,"Great things are on the horizon","https://dreamlab.id/cart/",true,en_US,3837,"Missing meta description; OG locale is "en_US" not "id_ID""
https://dreamlab.id/checkout/,/checkout,302,298,,,,,false,,1,"Missing title; Missing meta description; Missing canonical; No JSON-LD schema"
https://dreamlab.id/my-account/,/my-account,200,1169,"My account - Dreamlab",,"My account","https://dreamlab.id/my-account/",true,en_US,3772,"Missing meta description; OG locale is "en_US" not "id_ID""
https://dreamlab.id/maklon-skinacre-lptiktok/,/maklon-skinacre-lptiktok,200,88,"Maklon Kosmetik Terbaik | Skincare, Parfum &amp; Bodycare","Wujudkan brand kosmetik Anda bersama pabrik maklon terpercaya di Indonesia. Produksi skincare, parfum &amp; bodycare dengan MOQ fleksibel",,"https://dreamlab.id/maklon-skinacre-lptiktok/",true,en_US,1900,"OG locale is "en_US" not "id_ID""
https://dreamlab.id/maklon-kosmetik-terbaik-bahasa/,/maklon-kosmetik-terbaik-bahasa,200,758,"Maklon kosmetik terbaik","Dreamlab adalah maklon terbaik di indonesia yang bisa menjadi partner bisnis kamu. Maklon produk personal care,",,"https://dreamlab.id/maklon-kosmetik-terbaik-bahasa/",true,en_US,2226,"OG locale is "en_US" not "id_ID""
https://dreamlab.id/dreampreneur-beauty-academy-surabaya-2026/,/dreampreneur-beauty-academy-surabaya-2026,200,709,"Maklon Kosmetik Terbaik | Skincare, Parfum &amp; Bodycare","Pelajari strategi bisnis skincare 2026 di Surabaya. Roadmap nyata dari nol hingga scale-up bersama Dreampreneur Academy. Sisa 8 slot!",,"https://dreamlab.id/dreampreneur-beauty-academy-surabaya-2026/",true,en_US,2146,"OG locale is "en_US" not "id_ID""
https://dreamlab.id/about-us/,/about-us,200,870,"Dreamlab | Jasa Maklon Kosmetik &amp; Skincare BPOM Indonesia","Dreamlab adalah pabrik maklon kosmetik terbaik di Indonesia dengan layanan formulasi, desain kemasan, BPOM, dan halal. Solusi Brandmu.","Tentang Dreamlab","https://dreamlab.id/about-us/",true,en_US,2194,"OG locale is "en_US" not "id_ID""
https://dreamlab.id/foot-care/,/foot-care,200,934,"Dreamlab Maklon Perawatan Kaki BPOM Foot Cream","Pabrik maklon footcare, foot cream, scrub, hingga produk perawatan kaki lainnya. Dreamlab bersertifikat CPKB, Halal &amp; BPOM","Jasa Maklon Perawatan Kaki","https://dreamlab.id/foot-care/",true,en_US,2551,"OG locale is "en_US" not "id_ID""
https://dreamlab.id/career/,/career,200,1311,"Dreamlab Lowongan Kerja Terbaru","Kami mencari talenta berbakat untuk bergabung. Lihat posisi terbuka dan mulai perjalanan karirmu di Dreamlab.","Career","https://dreamlab.id/career/",true,en_US,1980,"OG locale is "en_US" not "id_ID""
https://dreamlab.id/maklon-haircare/,/maklon-haircare,200,659,"Maklin Haircare terbaik","Dreamlab adalah maklon terbaik di indonesia yang bisa menjadi partner bisnis kamu. Maklon produk personal care,",,"https://dreamlab.id/maklon-haircare/",true,en_US,1985,"OG locale is "en_US" not "id_ID""
https://dreamlab.id/maklon-parfum/,/maklon-parfum,200,37,"Maklon Parfum","Dreamlab adalah maklon terbaik di indonesia yang bisa menjadi partner bisnis kamu. Maklon produk personal care,",,"https://dreamlab.id/maklon-parfum/",true,en_US,1785,"OG locale is "en_US" not "id_ID""
https://dreamlab.id/maklon-kosmetik-terbaik-english/,/maklon-kosmetik-terbaik-english,200,782,"Maklon kosmetik terbaik","Dreamlab adalah maklon terbaik di indonesia yang bisa menjadi partner bisnis kamu. Maklon produk personal care,",,"https://dreamlab.id/maklon-kosmetik-terbaik-english/",true,en_US,1818,"OG locale is "en_US" not "id_ID""
https://dreamlab.id/maklon-bodycare-ads/,/maklon-bodycare-ads,200,688,"maklon bodycare terbaik","Dreamlab adalah maklon terbaik di indonesia yang bisa menjadi partner bisnis kamu. Maklon produk personal care,",,"https://dreamlab.id/maklon-bodycare-ads/",true,en_US,1761,"OG locale is "en_US" not "id_ID""
https://dreamlab.id/services/,/services,200,1013,"DREAMLAB | Maklon Skincare BPOM Untuk Brand Suksesmu","Jelajahi layanan maklon kosmetik Dreamlab: dari skincare, body care, hingga parfum. Proses cepat, legalitas BPOM &amp; Halal lengkap.","Services","https://dreamlab.id/services/",true,en_US,2230,"OG locale is "en_US" not "id_ID""
https://dreamlab.id/our-client/,/our-client,200,1033,"DREAMLAB | Dipercaya 500++ Client Percaya produksi","Lihat brand-brand kosmetik &amp; skincare yang sudah bekerja sama dengan Dreamlab.Jadi bagian dari mereka dan menjadi partner kami.","Our Client","https://dreamlab.id/our-client/",true,en_US,2148,"OG locale is "en_US" not "id_ID""
https://dreamlab.id/contact-us/,/contact-us,200,849,"DREAMLAB | Jasa Maklon Kosmetik Surabaya Jawa Timur","Konsultasi Gratis. Pabrik kosmetik Terlengkap Jawa Timur. Mulai brand kosmetik &amp; skincare-mu sekarang. Wujudkan Bisinis Skincaremu Sekarang","Contact Us","https://dreamlab.id/contact-us/",true,en_US,2311,"OG locale is "en_US" not "id_ID""
https://dreamlab.id/about-us/alur-maklon/,/about-us/alur-maklon,200,804,"DREAMLAB | Proses Maklon Kosmetik &amp; Skincare Lengkap","Lihat proses maklon kosmetik di Dreamlab — mulai dari formulasi, legalitas BPOM, desain kemasan, hingga produksi bersertifikat Halal &amp; CPKB.",,"https://dreamlab.id/about-us/alur-maklon/",true,en_US,2628,"OG locale is "en_US" not "id_ID""
https://dreamlab.id/baby-care/,/baby-care,200,854,"Dreamlab Maklon Baby Care Terlengkap MOQ Fleksibel","Cari maklon baby care aman &amp; halal? Dreamlab siap bantu formulasi, desain kemasan, legalitas BPOM &amp; Halal, hingga produksi di pabrik CPKB",,"https://dreamlab.id/baby-care/",true,en_US,2392,"OG locale is "en_US" not "id_ID""
https://dreamlab.id/parfum/,/parfum,200,4004,"DREAMLAB | Maklon Parfum Custom &amp; Private Label","Dreamlab Adalah pabrik parfum extrait de parfum, body mist, cologne, hingga parfum refill. Produksi di pabrik Halal, CPKB, BPOM.",,"https://dreamlab.id/parfum/",true,en_US,2994,"OG locale is "en_US" not "id_ID""
https://dreamlab.id/hair-care/,/hair-care,200,2575,"Dreamlab Maklon Hair Care BPOM &amp; Halal Terpercaya","Custom formula shampoo, conditioner, hair mask, pomade, scalp care, beard serum, dan hair gel. Mulai brand perawatan rambut impianmu",,"https://dreamlab.id/hair-care/",true,en_US,3090,"OG locale is "en_US" not "id_ID""
https://dreamlab.id/thankyou-page/,/thankyou-page,200,732,"Thankyou Page - Dreamlab",,,"https://dreamlab.id/thankyou-page/",true,en_US,1897,"Missing meta description; OG locale is "en_US" not "id_ID""
https://dreamlab.id/e-floating-buttons/popup-website/,/e-floating-buttons/popup-website,200,761,"Popup website - Dreamlab",,"Popup website","https://dreamlab.id/e-floating-buttons/popup-website/",true,en_US,1916,"Missing meta description; OG locale is "en_US" not "id_ID""
https://dreamlab.id/category/bisnis-kosmetik/,/category/bisnis-kosmetik,200,894,"Panduan Bisnis Kosmetik | Tren &amp; Insight","Temukan tren, tips, dan panduan bisnis kosmetik dari Dreamlab. Pelajari cara membangun brand skincare sukses dari ide hingga produksi",,"https://dreamlab.id/category/bisnis-kosmetik/",true,en_US,2821,"OG locale is "en_US" not "id_ID""
https://dreamlab.id/category/bisnis-men-grooming/,/category/bisnis-men-grooming,200,906,"Bisnis Men Grooming Archives - Dreamlab",,,"https://dreamlab.id/category/bisnis-men-grooming/",true,en_US,2101,"Missing meta description; OG locale is "en_US" not "id_ID""
https://dreamlab.id/category/bisnis-skincare/,/category/bisnis-skincare,200,975,"Bisnis Skincare Archives - Dreamlab",,,"https://dreamlab.id/category/bisnis-skincare/",true,en_US,2284,"Missing meta description; OG locale is "en_US" not "id_ID""
https://dreamlab.id/category/dreamlabpedia/,/category/dreamlabpedia,200,38,"Bangun Bisnis Skincare Sendiri Bareng Dreamlab","Bangun bisnis skincare impianmu bersama Dreamlab. Dari formulasi hingga produksi, semua dibuat mudah dan profesional. wujudkan brandmu sekarang",,"https://dreamlab.id/category/dreamlabpedia/",true,en_US,2837,"OG locale is "en_US" not "id_ID""
https://dreamlab.id/category/dreampreneur-beauty-academy/,/category/dreampreneur-beauty-academy,200,755,"Dreampreneur Beauty Academy Archives - Dreamlab",,,"https://dreamlab.id/category/dreampreneur-beauty-academy/",true,en_US,2057,"Missing meta description; OG locale is "en_US" not "id_ID""
https://dreamlab.id/category/maklon-baby-care/,/category/maklon-baby-care,200,765,"Maklon Baby Care Archives - Dreamlab",,,"https://dreamlab.id/category/maklon-baby-care/",true,en_US,2059,"Missing meta description; OG locale is "en_US" not "id_ID""
https://dreamlab.id/category/maklon-bodycare/,/category/maklon-bodycare,200,811,"Maklon Bodycare Terbaik untuk Brand Kecantikanmu","Dreamlab menyediakan layanan maklon bodycare lengkap untuk brand kosmetikmu. Produksi cepat, kualitas premium, dan MOQ fleksibel",,"https://dreamlab.id/category/maklon-bodycare/",true,en_US,2470,"OG locale is "en_US" not "id_ID""
https://dreamlab.id/category/maklon-footcare/,/category/maklon-footcare,200,759,"Maklon Footcare Terbaik di Indonesia","Ingin punya produk footcare sendiri? Dreamlab bantu kamu wujudkan brand dengan layanan maklon cepat dan kualitas terbaik. Wujudkan Produk Impianmu",,"https://dreamlab.id/category/maklon-footcare/",true,en_US,2111,"OG locale is "en_US" not "id_ID""
https://dreamlab.id/category/maklon-haircare/,/category/maklon-haircare,200,843,"Maklon Haircare pabrik Perawatan Rambut","Dreamlab adalah pabrik maklon haircare terpercaya yang melayani pembuatan shampoo, conditioner, dan hair serum dengan legalitas BPOM &amp; sertifikasi Halal",,"https://dreamlab.id/category/maklon-haircare/",true,en_US,2468,"OG locale is "en_US" not "id_ID""
https://dreamlab.id/category/maklon-parfum/,/category/maklon-parfum,200,890,"Maklon Parfum untuk Bisnis Produksi Mudah","Mulai bisnis parfum sendiri bareng Dreamlab! Layanan maklon parfum profesional dengan formula premium dan proses cepat. Wujudkan Brand Parfummu",,"https://dreamlab.id/category/maklon-parfum/",true,en_US,2833,"OG locale is "en_US" not "id_ID""
https://dreamlab.id/category/maklon-personal-care/,/category/maklon-personal-care,200,762,"Maklon Personal Care Archives - Dreamlab",,,"https://dreamlab.id/category/maklon-personal-care/",true,en_US,2055,"Missing meta description; OG locale is "en_US" not "id_ID""
https://dreamlab.id/category/maklon-skincare/,/category/maklon-skincare,200,818,"Maklon Skincare Terbaik di Indonesia","Dreamlab menyediakan layanan maklon skincare premium dengan formulasi aman, kualitas tinggi, dan proses produksi cepat untuk brand kosmetikmu",,"https://dreamlab.id/category/maklon-skincare/",true,en_US,2810,"OG locale is "en_US" not "id_ID""
https://dreamlab.id/category/personal-care/,/category/personal-care,200,760,"Maklon Personal Care Produksi Cepat &amp; Berkualitas","Dreamlab menyediakan layanan maklon personal care berkualitas tinggi. Produksi cepat, formula premium, dan cocok untuk brand kosmetikmu",,"https://dreamlab.id/category/personal-care/",true,en_US,2113,"OG locale is "en_US" not "id_ID""
https://dreamlab.id/category/tips-trick/,/category/tips-trick,200,812,"Tips Bisnis Skincare dari Nol Sampai Sukses","Temukan tips bisnis skincare yang terbukti efektif untuk bangun brand kosmetik sukses. Panduan lengkap dari Dreamlab untuk pemula",,"https://dreamlab.id/category/tips-trick/",true,en_US,2757,"OG locale is "en_US" not "id_ID""
https://dreamlab.id/cms_block_cat/flying-button/,/cms_block_cat/flying-button,200,755,"Flying BUtton Archives - Dreamlab",,,"https://dreamlab.id/cms_block_cat/flying-button/",true,en_US,1913,"Missing meta description; OG locale is "en_US" not "id_ID""
https://dreamlab.id/cms_block_cat/footer-column/,/cms_block_cat/footer-column,200,721,"Footer Column Archives - Dreamlab",,,"https://dreamlab.id/cms_block_cat/footer-column/",true,en_US,1913,"Missing meta description; OG locale is "en_US" not "id_ID""
https://dreamlab.id/cms_block_cat/pop-up-form/,/cms_block_cat/pop-up-form,200,864,"Pop Up Form Archives - Dreamlab",,,"https://dreamlab.id/cms_block_cat/pop-up-form/",true,en_US,1916,"Missing meta description; OG locale is "en_US" not "id_ID""
https://dreamlab.id/author/admin/,/author/admin,200,895,"Ide dan Tren Bisnis Kecantikan","Baca artikel dan panduan bisnis kosmetik dari Dreamlab. Temukan insight, tren, dan strategi membangun brand skincare yang sukses",,"https://dreamlab.id/author/admin/",true,en_US,2851,"OG locale is "en_US" not "id_ID""